date_times,id,pic_url,price,retailer,title,url
2017-04-24T07:43:47.748441+00:00,1,https://n3.sdlcdn.com/imgs/a/i/p/large/Sony-Earphone-MDR-G45-1222591-1-4a80e.jpg,774,AMAZON INDIA,Sony MDR-G45LP On-Ear Street Style Headphones (Black) Without Mic,
2017-04-24T07:43:47.768136+00:00,2,https://n3.sdlcdn.com/imgs/a/i/m/large/Sony-MDR-XB50AP-In-Ear-SDL016034038-1-84a57.jpg,2290,AMAZON INDIA,Sony MDR-XB50AP In-Ear Extra Bass(XB) Headphones with Mic (Blue) With Mic,
2017-04-24T07:43:47.778935+00:00,3,https://n3.sdlcdn.com/imgs/a/p/n/large/Sony-MDR-AS200-In-the-SDL348366675-1-c04e5.jpg,699,AMAZON INDIA,Sony MDR-AS200 Sports In-Ear Earphones Without Mic (Orange),
2017-04-24T07:43:47.790597+00:00,4,https://n3.sdlcdn.com/imgs/e/s/y/large/Sony-MDR-E9LP-In-Ear-SDL304994539-1-55286.jpg,549,AMAZON INDIA,Sony MDR-E9LP In-Ear Headphones (Blue),
2017-04-24T07:43:47.801141+00:00,5,https://n3.sdlcdn.com/imgs/c/k/2/large/Sony_HD_SL2_2TB_External_SDL578159327_1_2b2c5-e4638.jpg,5100,AMAZON INDIA,Sony HD-SL1 1TB External Slim Hard Disk - Black,
2017-04-24T07:43:47.812458+00:00,6,https://n3.sdlcdn.com/imgs/a/n/e/large/Sony-MDR-XB450-On-the-SDL000751969-1-5814a.jpg,1846,AMAZON INDIA,Sony MDR-XB450/BQ(IN) On Ear Wired Headphones (Black),
2017-04-24T07:43:47.823477+00:00,7,https://n3.sdlcdn.com/imgs/a/n/r/large/Sony-MDR-XB450-On-the-SDL715242764-1-25550.jpg,1944,AMAZON INDIA,Sony MDR-XB450/LQ(IN) On-Ear Extra Bass(XB) Headphones (Blue) Without Mic,
2017-04-24T07:43:47.835087+00:00,8,https://n3.sdlcdn.com/imgs/b/6/4/large/Gray-aa7f9.JPG,379,AMAZON INDIA,Sony MDR-E8LP In Ear Earphones Without Mic (Grey),
2017-04-24T07:43:47.845626+00:00,9,https://n3.sdlcdn.com/imgs/a/7/j/large/Sony-MDR-EX150-B-In-SDL697026112-1-a5497.jpg,846,AMAZON INDIA,Sony MDR-EX150 In-Ear Earphones Without Mic (Black),
2017-04-24T07:43:47.857068+00:00,10,https://n3.sdlcdn.com/imgs/b/f/0/large/Sony-MDR-EX150AP-In-Ear-SDL000863549-1-d038e.jpg,1090,AMAZON INDIA,Sony MDR-EX150AP In Ear Wired Earphones With Mic Black,
2017-04-24T07:43:47.867971+00:00,11,https://n3.sdlcdn.com/imgs/c/s/c/large/Sony-MDR-AS210-BQIN-Ear-SDL963117662-1-c814a.jpg,699,AMAZON INDIA,Sony  MDR-AS210 Open-Ear Active Sports Headphones (Black),
2017-04-24T07:43:47.879236+00:00,12,https://n3.sdlcdn.com/imgs/a/i/q/large/Sony-MDR-E15LP-Black-Headphone-SDL868289482-1-33d3b.jpg,594,AMAZON INDIA,Sony MDR EX15LP In Ear Earphones (Black) Without Mic,
2017-04-24T07:43:47.890629+00:00,13,https://n3.sdlcdn.com/imgs/b/s/3/large/Sony-KDL-43W800D-109-cm-SDL505254555-1-4620b.jpg,58000,AMAZON INDIA,Sony BRAVIA KDL-43W800D 108cm (43) Full HD 3D LED Android TV,
2017-04-24T07:43:47.901456+00:00,14,https://n3.sdlcdn.com/imgs/b/d/e/large/Sony-Bravia-KLV-22P413D-55-SDL777567554-1-8ada8.jpg,12955,AMAZON INDIA,Sony Bravia KLV-22P413D 54.6 cm (22) Full HD LED Television,
2017-04-24T07:43:47.912469+00:00,15,https://n3.sdlcdn.com/imgs/a/s/l/large/Sony-Mdr-Xb-450ap-Extra-SDL536083931-1-77540.jpg,2035,AMAZON INDIA,Sony MDR-XB450AP On-Ear Extra Bass(XB) Headphones with Mic (Black) With Mic,
2017-04-24T07:43:47.923812+00:00,16,https://n3.sdlcdn.com/imgs/b/u/5/large/Sony-KLV-32W512D-81-cm-SDL759905332-1-78ea9.jpg,31450,AMAZON INDIA,Sony BRAVIA KLV-32W512D 80 cm (32) HD Ready Internet LED Television,
2017-04-24T07:43:47.935535+00:00,17,https://n3.sdlcdn.com/imgs/a/i/q/large/Sony-DZ-350-5-1-SDL839143197-1-621fd.jpg,20990,AMAZON INDIA,Sony DZ-350 5.1 DVD Home Theatre System,
2017-04-24T07:43:47.945795+00:00,18,https://n3.sdlcdn.com/imgs/b/6/4/large/Gold-b404d.JPG,369,AMAZON INDIA,Sony MDR-E8LP In Ear Earphones Without Mic (Gold),
2017-04-24T07:43:47.957319+00:00,19,https://n3.sdlcdn.com/imgs/b/x/h/large/Sony-SRS-XB3-RC-IN5-SDL565104631-1-5936a.jpg,12971,AMAZON INDIA,Sony SRS-XB3/RC IN5 Bluetooth Speakers - Red,
2017-04-24T07:43:47.968240+00:00,20,https://n3.sdlcdn.com/imgs/c/z/f/large/Sony-40R352D-102-cm-40-SDL712426603-1-90e89.jpg,39730,AMAZON INDIA,Sony 40R352D 101.6 cm ( 40 ) Full HD (FHD) LED Television,
2017-04-24T07:43:47.979043+00:00,21,https://n1.sdlcdn.com/imgs/a/t/b/large/Sony-Mdr-zx110ap-Zx-Series-SDL987047788-1-bb696.jpg,1469,AMAZON INDIA,Sony MDR-ZX110AP Zx Series Extra Bass Smartphone Headset With Mic - Black With Mic,
2017-04-24T07:43:47.990465+00:00,22,https://n1.sdlcdn.com/imgs/b/v/b/large/Sony-MDR-ZX110-On-Ear-SDL769570521-1-483f7.jpg,875,AMAZON INDIA,Sony MDR-ZX110 On Ear Wired Headphone Without Mic White,
2017-04-24T07:43:48.001205+00:00,23,https://n1.sdlcdn.com/imgs/a/n/e/large/Sony-MDR-XB450-On-the-SDL009459806-1-3f158.jpeg,1890,AMAZON INDIA,Sony MDR-XB450 On-Ear Extra Bass(XB) Headphones (White),
2017-04-24T07:43:48.012404+00:00,24,https://n1.sdlcdn.com/imgs/b/s/4/large/Sony-XB650BT-On-Ear-Bluetooth-SDL441191804-1-ffe3d.jpg,6795,AMAZON INDIA,Sony MDR-XB650BT On-Ear Extra Bass(XB) Headphones with Bluetooth & NFC (Black),
2017-04-24T07:43:48.023711+00:00,25,https://n1.sdlcdn.com/imgs/d/8/t/large/1-456c0.png,1148,AMAZON INDIA,Sony  MDR-AS210AP Open-Ear Active Sports Headphones with Mic (Black),
2017-04-24T07:43:48.035197+00:00,26,https://n1.sdlcdn.com/imgs/b/g/m/large/Sony-MDR-XB950AP-Extra-Bass-SDL122806821-1-309d6.jpg,5289,AMAZON INDIA,Sony MDR-XB950AP On-Ear Extra Bass(XB) Headphones with Mic (Black),
2017-04-24T07:43:48.045929+00:00,27,https://n1.sdlcdn.com/imgs/a/n/e/large/Sony-MDR-XB450-On-the-SDL593649269-1-6e96a.jpg,2099,AMAZON INDIA,Sony MDR-XB450 On-Ear Extra Bass(XB) Headphones (Red),
2017-04-24T07:43:48.056923+00:00,28,https://n1.sdlcdn.com/imgs/b/x/1/large/sdl629936972-abc78.jpg,3990,AMAZON INDIA,Sony NWZ-B183F/R 4GB MP3 Walkman Player - Red,
2017-04-24T07:43:48.068094+00:00,29,https://n1.sdlcdn.com/imgs/a/7/j/large/Sony-MDR-EX150-B-In-SDL706711740-1-3e941.jpg,785,AMAZON INDIA,Sony MDR-EX150 In-Ear Earphones Without Mic (Violet),
2017-04-24T07:43:48.079381+00:00,30,https://n1.sdlcdn.com/imgs/b/5/b/large/Sony-SBH60-On-Ear-Wireless-SDL401439494-1-68f40.jpg,3970,AMAZON INDIA,Sony SBH60 On Ear Wireless Headphones With Mic Black,
2017-04-24T07:43:48.090474+00:00,31,https://n1.sdlcdn.com/imgs/f/f/5/large/Sony-ZX110A-Over-Ear-Wired-SDL842781440-1-10e69.jpg,749,AMAZON INDIA,Sony ZX110A Over Ear Wired Headphones Without Mic,
2017-04-24T07:43:48.101543+00:00,32,https://n1.sdlcdn.com/imgs/b/s/3/large/Sony-KDL-50W800D-127-cm-SDL506637018-1-8dc71.jpg,80700,AMAZON INDIA,Sony BRAVIA KDL-50W800D 125.7 cm (50) Full HD 3D LED Android TV,
2017-04-24T07:43:48.112573+00:00,33,https://n1.sdlcdn.com/imgs/a/i/y/large/Sony-Cybershot-DSC-HX400V-20-SDL311466866-1-85cb7.jpg,27995,AMAZON INDIA,Sony Cybershot HX400V 20.4MP Semi SLR,
2017-04-24T07:43:48.123826+00:00,34,https://n1.sdlcdn.com/imgs/b/g/g/large/Sony-Micro-Vault-Classic-16GB-1134291-1-cd801.jpg,468,AMAZON INDIA,Sony Micro Vault USM16GR/WZ 16GB USB 2.0 Utility Pendrive White,
2017-04-24T07:43:48.135408+00:00,35,https://n1.sdlcdn.com/imgs/c/s/c/large/Sony-MDRAS410AP-BQIN-Ear-Buds-SDL956448669-1-32046.jpg,1949,AMAZON INDIA,Sony MDR-AS410AP In-Ear Active Sports Headphones with Mic (Black),
2017-04-24T07:43:48.146084+00:00,36,https://n1.sdlcdn.com/imgs/b/6/6/large/Pink-68838.JPG,379,AMAZON INDIA,Sony MDR-E8LP In Ear Earphones Without Mic (Pink),
2017-04-24T07:43:48.156925+00:00,37,https://n1.sdlcdn.com/imgs/a/i/9/large/Sony-MDR-HW300K-Home-Wireless-SDL365031386-1-077cf.jpg,6399,AMAZON INDIA,Sony MDR-HW300K On-Ear Home Wireless Hi-Fi Headphones (Black) Without Mic,
2017-04-24T07:43:48.168461+00:00,38,https://n1.sdlcdn.com/imgs/b/t/g/large/Sony-KLV-32R412D-81-cm-SDL049486513-1-c6b48.jpg,27500,AMAZON INDIA,Sony KLV-32R412D 80 cm (32) HD Ready (HDR) LED Television,
2017-04-24T07:43:48.179166+00:00,39,https://n1.sdlcdn.com/imgs/b/s/4/large/Sony-XB650BT-On-Ear-Bluetooth-SDL441632103-1-19dd3.jpg,6488,AMAZON INDIA,Sony MDR-XB650BT On-Ear Extra Bass(XB) Headphones with Bluetooth & NFC (Blue),
2017-04-24T07:43:48.190746+00:00,40,https://n1.sdlcdn.com/imgs/a/p/n/large/Sony-MDR-XB950BT-Over-the-SDL107970984-1-33f18.jpg,10451,AMAZON INDIA,Sony MDR-XB950BT On-Ear Bluetooth Premium Extra Bass (XB) Headphones (Black) With Mic,
2017-04-24T07:43:48.201458+00:00,41,https://n1.sdlcdn.com/imgs/a/h/r/large/Sony-MDR-S70AP-with-MIC-SDL788070382-1-6dd48.jpg,4000,AMAZON INDIA,Sony MDR-S70AP On Ear Headphones with Mic (White),
2017-04-24T07:43:48.212610+00:00,42,https://n1.sdlcdn.com/imgs/e/q/b/large/Sony-MDR-XB450-On-Ear-SDL112266046-1-03521.jpg,1599,AMAZON INDIA,Sony MDR-XB450 On-Ear EXTRA BASS Headphones (Blue),
2017-04-24T07:43:48.223873+00:00,43,https://n1.sdlcdn.com/imgs/a/j/g/large/Sony-BDV-E3200-One-Touch-SDL567152016-1-5b4d6.jpg,25299,AMAZON INDIA,Sony BDV-E3200 5.1 Blu Ray Home Theatre System,
2017-04-24T07:43:48.235328+00:00,44,https://n1.sdlcdn.com/imgs/a/n/e/large/Sony-MDR-XB250-BQIN-Extra-SDL005822083-1-adc0e.jpeg,1399,AMAZON INDIA,Sony MDR-XB250/BQIN Over Ear Headphones (Black),
2017-04-24T07:43:48.245859+00:00,45,https://n1.sdlcdn.com/imgs/e/s/y/large/Sony-MDRZX110-On-Ear-Stereo-SDL338969589-1-89c35.jpg,749,AMAZON INDIA,Sony MDRZX110 On-Ear Stereo Headphone (Black),
2017-04-24T07:43:48.256978+00:00,46,https://n1.sdlcdn.com/imgs/a/i/r/large/Sony-MDR-E15AP-Black-Headphone-SDL868702496-1-8eac8.jpg,776,AMAZON INDIA,Sony MDR EX15AP In Ear Earphones with Mic (Black),
2017-04-24T07:43:48.268288+00:00,47,https://n1.sdlcdn.com/imgs/b/u/5/large/Sony-KLV-48W562D-122-cm-SDL763355354-1-54740.jpg,63100,AMAZON INDIA,Sony BRAVIA KLV-48W562D 120.9 cm (48) Smart Full HD LED Television,
2017-04-24T07:43:48.279161+00:00,48,https://n1.sdlcdn.com/imgs/a/k/w/large/Sony-BDV-N7200W-5-1-SDL419784563-1-0ec34.jpg,43299,AMAZON INDIA,Sony BDV-N7200W 5.1 3D Blu-ray Home Theatre System,
2017-04-24T07:43:48.290669+00:00,49,https://n1.sdlcdn.com/imgs/a/3/n/large/Sony-HD-SL1-1TB-External-SDL577689803-1-091f7.jpg,5100,AMAZON INDIA,Sony HD-SL1 1TB External Slim Hard Disk - Silver,
2017-04-24T07:43:48.301413+00:00,50,https://n1.sdlcdn.com/imgs/e/p/h/large/SDL678685750_13-f3625.jpg,640,AMAZON INDIA,Sony Usb 2.1 Amp Ac Adaptor Cp-ad2 With Micro Usb Cable,
2017-04-24T07:43:48.312504+00:00,51,https://n1.sdlcdn.com/imgs/f/f/o/large/Sony-ZX110A-Over-Ear-Wired-SDL215117994-1-83f8e.jpg,799,AMAZON INDIA,Sony ZX110A Over Ear Wired Headphones Without Mic,
2017-04-24T07:43:48.324205+00:00,52,https://n1.sdlcdn.com/imgs/e/o/r/large/Sony-ZX110BK-Over-Ear-Wired-SDL289721040-1-8d765.jpg,749,AMAZON INDIA,Sony ZX110BK Over Ear Wired Headphones Without Mic Black,
2017-04-24T07:43:48.335240+00:00,53,https://n1.sdlcdn.com/imgs/a/u/p/large/Sony-SRS-X2-Ultra-Portable-SDL377895754-1-f1379.jpg,2799,AMAZON INDIA,Sony PUMPX (SRS-X2) Ultra Portable Bluetooth Speaker - Black,
2017-04-24T07:43:48.345837+00:00,54,https://n1.sdlcdn.com/imgs/a/7/j/large/Sony-MDR-EX150AP-In-ear-SDL709097897-1-1d6b4.jpg,1450,AMAZON INDIA,Sony MDR-EX150AP In-Ear Headphones with Mic (Red),
2017-04-24T07:43:48.357224+00:00,55,https://n1.sdlcdn.com/imgs/b/4/d/large/Sony-MDR-XB450-LQ-IN-SDL091045882-1-df30d.jpg,2050,AMAZON INDIA,Sony MDR-XB450/LQ(IN) Over Ear Wired Without Mic Headphone- Blue,
2017-04-24T07:43:48.368114+00:00,56,https://n1.sdlcdn.com/imgs/b/h/i/large/Sony-SBH54-Stereo-Bluetooth-Headset-SDL015764212-1-5dff8.jpg,5226,AMAZON INDIA,Sony SBH54 Stereo Bluetooth Headset - Black,
2017-04-24T07:43:48.379112+00:00,57,https://n1.sdlcdn.com/imgs/e/n/b/large/Sony-ZX110bk-Over-Ear-Wired-SDL346441067-1-a78ba.jpg,749,AMAZON INDIA,Sony ZX110bk Over Ear Wired Headphones Without Mic Black,
2017-04-24T07:43:48.390323+00:00,58,https://n1.sdlcdn.com/imgs/d/0/4/large/Sony-SBH54-Bluetooth-Headset-Grey-SDL676064069-1-d6ff7.jpg,5455,AMAZON INDIA,Sony SBH54 Bluetooth Headset - Grey,
2017-04-24T07:43:48.401717+00:00,59,https://n1.sdlcdn.com/imgs/e/k/a/large/Sony-MDR-XB450-On-Ear-SDL905346788-1-4e900.jpg,2055,AMAZON INDIA,Sony MDR-XB450 On-Ear EXTRA BASS Headphones (Red),
2017-04-24T07:43:48.412799+00:00,60,https://n1.sdlcdn.com/imgs/a/i/t/large/Sony-MDR-E15AP-White-Headphone-SDL869192201-1-8c61e.jpg,759,AMAZON INDIA,Sony MDR EX15AP In Ear Earphones with Mic (White),
2017-04-24T10:51:47.902812+00:00,61,https://n2.sdlcdn.com/imgs/c/g/h/large/Disney-Pixar-Cars-Radiator-Springs-SDL188062672-1-590fd.jpg,4975,AMAZON INDIA,Disney Pixar Cars Radiator Springs Classic Main Street Spinout Gift Pack Exclusive,
2017-04-24T10:51:47.909724+00:00,62,https://n2.sdlcdn.com/imgs/c/g/g/large/Disney-Pixar-Cars-Supercharged-1-SDL187823882-1-994c9.jpg,3477,AMAZON INDIA,Disney Pixar Cars Supercharged 1:55 Die Cast Dinoco McQueen Car,
2017-04-24T10:51:47.921663+00:00,63,https://n2.sdlcdn.com/imgs/c/f/0/large/Draw-With-Me-Boo-Monsters-SDL415573329-1-4f1af.jpg,13808,AMAZON INDIA,Draw With Me Boo Monsters Inc Disney Pixar Plush Doll Play Set,
2017-04-24T10:51:47.932723+00:00,64,https://n2.sdlcdn.com/imgs/c/g/g/large/Disney-Pixar-Cars-Stunt-Racers-SDL742006001-1-c0c83.jpg,4608,AMAZON INDIA,"Disney Pixar Cars Stunt Racers Francesco Bernoulli, Multicolor",
2017-04-24T10:51:47.943245+00:00,65,https://n2.sdlcdn.com/imgs/c/g/s/large/Fisher-Price-SMART-CYCLE-Software-SDL620400062-1-bd538.jpg,4501,AMAZON INDIA,Fisher-Price SMART CYCLE Software - Disney/Pixar Toy Story,
2017-04-24T10:51:47.954854+00:00,66,https://n2.sdlcdn.com/imgs/c/7/5/large/Disney-Pixar-Cars-2-Watch-SDL196715253-1-427bb.jpg,5564,AMAZON INDIA,Disney Pixar Cars 2 Watch in Tin,
2017-04-24T10:51:47.965428+00:00,67,https://n2.sdlcdn.com/imgs/b/7/1/large/BUG-MOUTH-LIGHTNING-MCQUEEN-07-SDL299635179-1-f907e.jpg,2904,AMAZON INDIA,BUG MOUTH LIGHTNING MCQUEEN #07 Disney / Pixar CARS 1:55 Scale THE WORLD OF CARS Die-Cast Vehicle,
2017-04-24T10:51:47.976383+00:00,68,https://n2.sdlcdn.com/imgs/b/t/4/large/Mattel-Disney-pixar-Toy-Story-SDL710910378-1-f18a9.jpg,1648,AMAZON INDIA,Mattel Disney/pixar Toy Story Quick Draw Woody,
2017-04-24T10:51:47.987744+00:00,69,https://n2.sdlcdn.com/imgs/c/m/s/large/Ditu-Kritu-Disney-Pixar-Cars-SDL944352697-1-e0c68.jpg,1552,AMAZON INDIA,Ditu&Kritu Disney/Pixar Cars Tractor Tippin Fields Launcher,
2017-04-24T10:51:47.998709+00:00,70,https://n2.sdlcdn.com/imgs/c/f/6/large/Disney-Pixar-Cars-Take-Flight-SDL316001939-1-b9861.jpg,4902,AMAZON INDIA,Disney Pixar Cars Take Flight Aviator Mater,
2017-04-24T10:51:48.009992+00:00,71,https://n2.sdlcdn.com/imgs/c/g/f/large/Disney-Pixar-CARS-Movie-155-SDL586572611-1-39027.jpg,2467,AMAZON INDIA,Disney / Pixar CARS Movie 155 Die Cast Car with Lenticular Eyes Race Tow Truck Tom,
2017-04-24T10:51:48.020948+00:00,72,https://n2.sdlcdn.com/imgs/b/6/i/large/Disney-Pixar-Cars-Figurine-Set-SDL325293314-1-7d1ba.jpg,1975,AMAZON INDIA,Disney Pixar Cars Figurine Set,
2017-04-24T10:51:48.032051+00:00,73,https://n2.sdlcdn.com/imgs/c/g/g/large/Mattel-Disney-Pixar-Cars-2-SDL622663993-1-c1777.jpg,1729,AMAZON INDIA,Mattel Disney/Pixar Cars 2 Movie 155 Die Cast Car With Synthetic Rubber Tires Raoul Car,
2017-04-24T10:51:48.043387+00:00,74,https://n2.sdlcdn.com/imgs/c/g/g/large/Disney-Pixar-Cars-Ice-Racers-SDL786992107-1-52b15.jpg,1855,AMAZON INDIA,"Disney/Pixar Cars Ice Racers 1:55 Scale Diecast Vehicle, Max Schnell",
2017-04-24T10:51:48.054798+00:00,75,https://n2.sdlcdn.com/imgs/c/g/s/large/Disney-Pixar-Cars-Riplash-Racers-SDL125701980-1-55cc1.jpg,1434,AMAZON INDIA,Disney/Pixar Cars Riplash Racers Lightning Mcqueen Vehicle,
2017-04-24T10:51:48.065493+00:00,76,https://n2.sdlcdn.com/imgs/c/e/p/large/Disney-Pixar-Toy-Story-Exclusive-SDL350932002-1-26637.jpg,7374,AMAZON INDIA,Disney / Pixar Toy Story Exclusive To Infinity And Beyond Space Mission Action Figure 2Pack Jessie R,
2017-04-24T10:51:48.076390+00:00,77,https://n2.sdlcdn.com/imgs/c/f/9/large/Disney-Pixar-Cars-2-Set-SDL873799202-1-7ec69.jpg,2709,AMAZON INDIA,"Disney Pixar Cars 2, Set of 4 Card Games in Collectible Storage Tin",
2017-04-24T10:51:48.087889+00:00,78,https://n2.sdlcdn.com/imgs/c/g/r/large/LeapPad-Ultra-eBook-Cartrdge-Disney-SDL680394725-1-3c502.jpg,5412,AMAZON INDIA,LeapPad Ultra eBook Cartrdge Disney Pixar Cars 2,
2017-04-24T10:51:48.099647+00:00,79,https://n2.sdlcdn.com/imgs/c/e/r/large/Disney-Pixar-CARS-1-55-SDL316841635-1-0e951.jpg,6666,AMAZON INDIA,"Disney / Pixar CARS 1:55 Die Cast Figure 3-Pack Team No Stall (Shirley Spinout, Roman Dunes and No S",
2017-04-24T10:51:48.110006+00:00,80,https://n2.sdlcdn.com/imgs/c/g/g/large/Disney-Pixar-Cars-2-Movie-SDL824744615-1-c18f6.jpg,2689,AMAZON INDIA,Disney / Pixar Cars 2 Movie 155 Die Cast Car #29 Radiator Springs Ramone,
2017-04-24T10:51:48.121241+00:00,81,https://n4.sdlcdn.com/imgs/c/g/f/large/Luigi-Guido-Tractor-Supercharged-Edition-SDL005297998-1-e2618.jpg,5564,AMAZON INDIA,Luigi Guido Tractor Supercharged Edition Mattel Disney Pixar Cars,
2017-04-24T10:51:48.132150+00:00,82,https://n4.sdlcdn.com/imgs/c/g/g/large/Disney-Pixar-Cars-Supercharged-Fabulous-SDL442036075-1-9f9b0.jpg,2185,AMAZON INDIA,Disney Pixar Cars Supercharged Fabulous Hudson Hornet with Red Wheels Character Car,
2017-04-24T10:51:48.143187+00:00,83,https://n4.sdlcdn.com/imgs/c/g/e/large/Disney-Pixar-Cars-Color-Change-SDL032259833-1-a5f74.jpg,1804,AMAZON INDIA,"Disney/Pixar Cars Color Change 1:55 Scale Vehicle, Sally",
2017-04-24T10:51:48.155074+00:00,84,https://n4.sdlcdn.com/imgs/c/0/t/large/Mattel-Disney-Pixar-Cars-2-SDL327151083-1-0b598.jpg,2025,AMAZON INDIA,Mattel Disney / Pixar Cars 2 Movie Exclusive 155 Die Cast Car Silver Racer Carla Veloso,
2017-04-24T10:51:48.165551+00:00,85,https://n4.sdlcdn.com/imgs/b/3/s/large/Disney-Pixar-Cars-2-Lightning-SDL440193886-1-9ea3e.jpg,1860,AMAZON INDIA,Disney/Pixar Cars 2 Lightning McQueen Diecast Vehicle,
2017-04-24T10:51:48.176592+00:00,86,https://n4.sdlcdn.com/imgs/c/g/g/large/Disney-Pixar-Cars-Radiator-Springs-SDL742699719-1-00c6c.jpg,3334,AMAZON INDIA,Disney / Pixar Cars Radiator Springs Classic 1:55 Die Cast 3-Pack Piston Cup Pit Row,
2017-04-24T10:51:48.188039+00:00,87,https://n4.sdlcdn.com/imgs/c/g/f/large/Mattel-Disney-Pixar-Cars-2-SDL415019992-1-035c0.jpg,2172,AMAZON INDIA,Mattel Disney Pixar Cars 2 Movie Lewis Hamilton,
2017-04-24T10:51:48.199167+00:00,88,https://n4.sdlcdn.com/imgs/c/g/g/large/Disney-Pixar-Cars-Oversized-Circus-SDL083696724-1-bad73.jpg,2450,AMAZON INDIA,Disney/Pixar Cars Oversized Circus Cab Diecast Vehicle,
2017-04-24T10:51:48.209886+00:00,89,https://n4.sdlcdn.com/imgs/b/7/2/large/FABULOUS-HUDSON-HORNET-10-w-SDL649968376-1-c8fae.jpg,2614,AMAZON INDIA,FABULOUS HUDSON HORNET #10 w/ Lenticular Eyes Disney / Pixar CARS 1:55 Scale Die-Cast Vehicle,
2017-04-24T10:51:48.221558+00:00,90,https://n4.sdlcdn.com/imgs/b/w/a/large/Disney-Pixar-CARS-RADIATOR-SPRINGS-SDL283335457-1-0dad2.jpg,1876,AMAZON INDIA,Disney / Pixar CARS RADIATOR SPRINGS CLASSIC Exclusive 155 Die Cast Car Dexter Hoover,
2017-04-24T10:51:48.232428+00:00,91,https://n4.sdlcdn.com/imgs/c/g/g/large/Disney-Pixar-Cars-Hydro-Wheels-SDL650011757-1-c10bd.jpg,1576,AMAZON INDIA,"Disney/Pixar Cars Hydro Wheels, Raoul",
2017-04-24T10:51:48.243148+00:00,92,https://n4.sdlcdn.com/imgs/b/w/x/large/Disney-Pixar-Cars-2-Movie-SDL026679623-1-fe6d8.jpg,4664,AMAZON INDIA,Disney Pixar Cars 2 Movie Exclusive 148 Team Mcqueen Die Cast Helicopter - Chase Edition!,
2017-04-24T10:51:48.255031+00:00,93,https://n4.sdlcdn.com/imgs/c/v/6/large/Disney-Pixar-CARS-Movie-155-SDL926856375-1-12ba6.jpg,4975,AMAZON INDIA,Disney / Pixar CARS Movie 155 Die Cast Car Oversized Vehicle Miles Meat Truck,
2017-04-24T10:51:48.265850+00:00,94,https://n4.sdlcdn.com/imgs/c/g/g/large/Disney-Pixar-Cars-Race-Day-SDL533484775-1-3c723.jpg,6351,AMAZON INDIA,Disney Pixar Cars Race Day Fan 4 Pack With Mama Bernoulli,
2017-04-24T10:51:48.276496+00:00,95,https://n4.sdlcdn.com/imgs/c/0/q/large/Disney-Pixar-Toy-Story-3-SDL485697302-1-a8bf9.jpg,3201,AMAZON INDIA,Disney / Pixar Toy Story 3 Collection Action Figure Buzz,
2017-04-24T10:51:48.287833+00:00,96,https://n4.sdlcdn.com/imgs/c/y/c/large/Disney-Pixar-The-Good-Dinosaur-SDL093943360-1-7d794.jpg,1360,AMAZON INDIA,Disney Pixar The Good Dinosaur Authentic Licensed Stampers Party Favors (10 Stampers),
2017-04-24T10:51:48.299194+00:00,97,https://n4.sdlcdn.com/imgs/c/g/s/large/Vtech-84580-4-Vtech-Disney-SDL094115791-1-00ada.jpg,2893,AMAZON INDIA,Vtech 84580-4 Vtech Disney Pixar Cars 2 V.Smile Motion Game - Pack of 4,
2017-04-24T10:51:48.310465+00:00,98,https://n4.sdlcdn.com/imgs/c/g/g/large/Disney-Pixar-Cars-Series-1-SDL831449201-1-a3481.jpg,1657,AMAZON INDIA,Disney Pixar Cars Series 1 Original Green Ramone 1:55 Scale Die Cast Car,
2017-04-24T10:51:48.321513+00:00,99,https://n4.sdlcdn.com/imgs/c/g/g/large/Disney-Pixar-Cars-Fillmore-Sarge-SDL421127699-1-09b97.jpg,3051,AMAZON INDIA,Disney Pixar Cars Fillmore & Sarge Sergent Sargento Supercharged Movie Moments International Languag,
2017-04-24T10:51:48.332581+00:00,100,https://n4.sdlcdn.com/imgs/c/0/t/large/Disney-Pixar-Cars-Micro-Drifters-SDL646926990-1-d6f5f.jpg,2619,AMAZON INDIA,Disney/Pixar Cars Micro Drifters Fast-Flip Carry Case,
2017-04-24T10:51:48.343165+00:00,101,https://n3.sdlcdn.com/imgs/c/e/r/large/The-Good-Dinosaur-Butch-Feature-SDL672265639-1-db838.jpg,3667,AMAZON INDIA,The Good Dinosaur Butch Feature Action Figure,
2017-04-24T10:51:48.354989+00:00,102,https://n3.sdlcdn.com/imgs/c/g/f/large/Disney-Pixar-Cars-Boost-Supercharged-SDL639516353-1-3e879.jpg,2468,AMAZON INDIA,Disney Pixar Cars Boost Supercharged Edition Mattel 1:55 Scale,
2017-04-24T10:51:48.365618+00:00,103,https://n3.sdlcdn.com/imgs/b/w/b/large/Disney-Pixar-Cars-London-Race-SDL404804590-1-84464.jpg,7537,AMAZON INDIA,Disney Pixar Cars London Race 7 Car Gift Pack,
2017-04-24T10:51:48.376727+00:00,104,https://n3.sdlcdn.com/imgs/c/g/r/large/Disney-Pixar-Cars-Fiat-with-SDL779925925-1-24778.jpg,1140,AMAZON INDIA,Disney/Pixar Cars Fiat with McQueen Sign Diecast Vehicle,
2017-04-24T10:51:48.388095+00:00,105,https://n3.sdlcdn.com/imgs/c/7/6/large/Disney-Pixar-Cars-The-Radiator-SDL738258994-1-c3dee.jpg,3021,AMAZON INDIA,Disney/Pixar Cars The Radiator Springs 500 1/2 Die-Cast Lightning McQueen,
2017-04-24T10:51:48.399200+00:00,106,https://n3.sdlcdn.com/imgs/c/0/w/large/Inside-Out-Disney-Pixar-Large-SDL482248731-1-9134b.jpg,12018,AMAZON INDIA,"Inside Out Disney Pixar Large 16"" Rolling Backpack Roller Book Bag, Lunch Box & Pencil Pouch",
2017-04-24T10:51:48.410598+00:00,107,https://n3.sdlcdn.com/imgs/b/6/w/large/Mattel-Disney-Pixar-Cars-Color-SDL630610870-1-1bce3.jpg,3278,AMAZON INDIA,"Mattel Disney/Pixar Cars Color Change 1:55 Scale Vehicle, Lightning Mcqueen",
2017-04-24T10:51:48.421513+00:00,108,https://n3.sdlcdn.com/imgs/c/g/r/large/Disney-Pixar-Cars-2014-Series-SDL299059645-1-d6a26.jpg,1948,AMAZON INDIA,Disney/Pixar Cars 2014 Series Mel Dorado Mel Dorado Show #5/9 1:55 Scale,
2017-04-24T10:51:48.432661+00:00,109,https://n3.sdlcdn.com/imgs/b/w/x/large/Disney-Pixar-Cars-2-Francesco-SDL492177481-1-21275.jpg,3058,AMAZON INDIA,Disney Pixar Cars 2 Francesco Bernoulli & Ka-Ciao Mcqueen Movie Moments,
2017-04-24T10:51:48.443318+00:00,110,https://n3.sdlcdn.com/imgs/b/w/x/large/Mattel-Pixar-Cars-Raoul-Caroule-SDL645655491-1-2c2b4.jpg,1729,AMAZON INDIA,"Mattel Pixar Cars Raoul Caroule And Bruno Motoreau Diecast Vehicle, 2-Pack",
2017-04-24T10:51:48.455255+00:00,111,https://n3.sdlcdn.com/imgs/c/g/r/large/Disney-Pixar-Cars-1-55-SDL740462706-1-a1d6e.jpg,1881,AMAZON INDIA,Disney Pixar Cars - 1:55 Scale Diecast Silver Racer Series - Raoul Caroule,
2017-04-24T10:51:48.465711+00:00,112,https://n3.sdlcdn.com/imgs/c/e/s/large/Disney-Pixar-CARS-1-55-SDL012223517-1-1ce0a.jpg,3248,AMAZON INDIA,"Disney / Pixar CARS 1:55 Die Cast Figure 3-Pack Team Leak Less (Stacy, Earl Filter and Leak Less)",
2017-04-24T10:51:48.476711+00:00,113,https://n3.sdlcdn.com/imgs/c/7/6/large/Disney-Pixar-Cars-Marty-Brakeburst-SDL637219924-1-50c38.jpg,2070,AMAZON INDIA,Disney/Pixar Cars Marty Brakeburst Diecast Vehicle,
2017-04-24T10:51:48.488101+00:00,114,https://n3.sdlcdn.com/imgs/c/f/9/large/Fisher-Price-Viewmaster-Disney-Pixar-SDL313560589-1-cd814.jpg,5116,AMAZON INDIA,Fisher-Price Viewmaster Disney/Pixar Toy Story 3 Real Binoculars and 3D Viewer,
2017-04-24T10:51:48.499192+00:00,115,https://n3.sdlcdn.com/imgs/c/g/r/large/Disney-Pixar-Cars-Die-Cast-SDL698679149-1-25e92.jpg,1140,AMAZON INDIA,Disney Pixar Cars Die Cast 1:55 Lenticular - Lightning Ramone #15,
2017-04-24T10:51:48.510403+00:00,116,https://n3.sdlcdn.com/imgs/c/7/6/large/Disney-Pixar-Cars-Ice-Racers-SDL074859662-1-41ac1.jpg,1844,AMAZON INDIA,"Disney/Pixar Cars, Ice Racers Die-Cast Car, Vitaly Petrov, 1:55 Scale",
2017-04-24T10:51:48.521053+00:00,117,https://n3.sdlcdn.com/imgs/b/3/s/large/Disney-Pixar-CARS-2-Movie-SDL447092820-1-2701a.jpg,2386,AMAZON INDIA,Disney/Pixar CARS 2 Movie 155 Die Cast Car #26 Lightning McQueen with Hudson Hor,
2017-04-24T10:51:48.532584+00:00,118,https://n3.sdlcdn.com/imgs/c/0/m/large/Mattel-Disney-Pixar-Toy-Story-SDL212106859-1-d4427.jpg,5846,AMAZON INDIA,"Mattel Disney Pixar Toy Story 3 Exclusive Movie Moments Action Figure,6 Inch, 2Pack",
2017-04-24T10:51:48.543581+00:00,119,https://n3.sdlcdn.com/imgs/c/g/r/large/Cactus-Lightning-McQueen-Disney-Pixar-SDL405633220-1-da2c8.jpg,3056,AMAZON INDIA,Cactus Lightning McQueen Disney Pixar Cars First Edition 1:55 Scale Mattel Without New Symbol Logo O,
2017-04-24T10:51:48.555107+00:00,120,https://n3.sdlcdn.com/imgs/b/w/x/large/Mattel-Pixar-Cars-Lightning-Mcqueen-SDL422281785-1-b6762.jpg,9042,AMAZON INDIA,Mattel Pixar Cars Lightning Mcqueen & Doc Hudson (Hudson Hornet) Collectible 1:24 Scale Die-Cast Cars Gift Set Bundle - 2 Pack,
2017-04-24T10:56:04.772513+00:00,121,https://n2.sdlcdn.com/imgs/c/g/h/large/Disney-Pixar-Cars-Radiator-Springs-SDL188062672-1-590fd.jpg,4975,AMAZON INDIA,Disney Pixar Cars Radiator Springs Classic Main Street Spinout Gift Pack Exclusive,
2017-04-24T10:56:04.803773+00:00,122,https://n2.sdlcdn.com/imgs/c/g/g/large/Disney-Pixar-Cars-Supercharged-1-SDL187823882-1-994c9.jpg,3477,AMAZON INDIA,Disney Pixar Cars Supercharged 1:55 Die Cast Dinoco McQueen Car,
2017-04-24T10:56:04.814585+00:00,123,https://n2.sdlcdn.com/imgs/c/f/0/large/Draw-With-Me-Boo-Monsters-SDL415573329-1-4f1af.jpg,13808,AMAZON INDIA,Draw With Me Boo Monsters Inc Disney Pixar Plush Doll Play Set,
2017-04-24T10:56:04.825832+00:00,124,https://n2.sdlcdn.com/imgs/c/g/g/large/Disney-Pixar-Cars-Stunt-Racers-SDL742006001-1-c0c83.jpg,4608,AMAZON INDIA,"Disney Pixar Cars Stunt Racers Francesco Bernoulli, Multicolor",
2017-04-24T10:56:04.836671+00:00,125,https://n2.sdlcdn.com/imgs/c/g/s/large/Fisher-Price-SMART-CYCLE-Software-SDL620400062-1-bd538.jpg,4501,AMAZON INDIA,Fisher-Price SMART CYCLE Software - Disney/Pixar Toy Story,
2017-04-24T10:56:04.847728+00:00,126,https://n2.sdlcdn.com/imgs/c/7/5/large/Disney-Pixar-Cars-2-Watch-SDL196715253-1-427bb.jpg,5564,AMAZON INDIA,Disney Pixar Cars 2 Watch in Tin,
2017-04-24T10:56:04.858642+00:00,127,https://n2.sdlcdn.com/imgs/b/7/1/large/BUG-MOUTH-LIGHTNING-MCQUEEN-07-SDL299635179-1-f907e.jpg,2904,AMAZON INDIA,BUG MOUTH LIGHTNING MCQUEEN #07 Disney / Pixar CARS 1:55 Scale THE WORLD OF CARS Die-Cast Vehicle,
2017-04-24T10:56:04.870239+00:00,128,https://n2.sdlcdn.com/imgs/b/t/4/large/Mattel-Disney-pixar-Toy-Story-SDL710910378-1-f18a9.jpg,1648,AMAZON INDIA,Mattel Disney/pixar Toy Story Quick Draw Woody,
2017-04-24T10:56:04.881045+00:00,129,https://n2.sdlcdn.com/imgs/c/m/s/large/Ditu-Kritu-Disney-Pixar-Cars-SDL944352697-1-e0c68.jpg,1552,AMAZON INDIA,Ditu&Kritu Disney/Pixar Cars Tractor Tippin Fields Launcher,
2017-04-24T10:56:04.892140+00:00,130,https://n2.sdlcdn.com/imgs/c/f/6/large/Disney-Pixar-Cars-Take-Flight-SDL316001939-1-b9861.jpg,4902,AMAZON INDIA,Disney Pixar Cars Take Flight Aviator Mater,
2017-04-24T10:56:04.903135+00:00,131,https://n2.sdlcdn.com/imgs/c/g/f/large/Disney-Pixar-CARS-Movie-155-SDL586572611-1-39027.jpg,2467,AMAZON INDIA,Disney / Pixar CARS Movie 155 Die Cast Car with Lenticular Eyes Race Tow Truck Tom,
2017-04-24T10:56:04.914416+00:00,132,https://n2.sdlcdn.com/imgs/b/6/i/large/Disney-Pixar-Cars-Figurine-Set-SDL325293314-1-7d1ba.jpg,1975,AMAZON INDIA,Disney Pixar Cars Figurine Set,
2017-04-24T10:56:04.925677+00:00,133,https://n2.sdlcdn.com/imgs/c/g/g/large/Mattel-Disney-Pixar-Cars-2-SDL622663993-1-c1777.jpg,1729,AMAZON INDIA,Mattel Disney/Pixar Cars 2 Movie 155 Die Cast Car With Synthetic Rubber Tires Raoul Car,
2017-04-24T10:56:04.936700+00:00,134,https://n2.sdlcdn.com/imgs/c/g/g/large/Disney-Pixar-Cars-Ice-Racers-SDL786992107-1-52b15.jpg,1855,AMAZON INDIA,"Disney/Pixar Cars Ice Racers 1:55 Scale Diecast Vehicle, Max Schnell",
2017-04-24T10:56:04.947794+00:00,135,https://n2.sdlcdn.com/imgs/c/g/s/large/Disney-Pixar-Cars-Riplash-Racers-SDL125701980-1-55cc1.jpg,1434,AMAZON INDIA,Disney/Pixar Cars Riplash Racers Lightning Mcqueen Vehicle,
2017-04-24T10:56:04.959085+00:00,136,https://n2.sdlcdn.com/imgs/c/e/p/large/Disney-Pixar-Toy-Story-Exclusive-SDL350932002-1-26637.jpg,7374,AMAZON INDIA,Disney / Pixar Toy Story Exclusive To Infinity And Beyond Space Mission Action Figure 2Pack Jessie R,
2017-04-24T10:56:04.970227+00:00,137,https://n2.sdlcdn.com/imgs/c/f/9/large/Disney-Pixar-Cars-2-Set-SDL873799202-1-7ec69.jpg,2709,AMAZON INDIA,"Disney Pixar Cars 2, Set of 4 Card Games in Collectible Storage Tin",
2017-04-24T10:56:04.981356+00:00,138,https://n2.sdlcdn.com/imgs/c/g/r/large/LeapPad-Ultra-eBook-Cartrdge-Disney-SDL680394725-1-3c502.jpg,5412,AMAZON INDIA,LeapPad Ultra eBook Cartrdge Disney Pixar Cars 2,
2017-04-24T10:56:04.992424+00:00,139,https://n2.sdlcdn.com/imgs/c/e/r/large/Disney-Pixar-CARS-1-55-SDL316841635-1-0e951.jpg,6666,AMAZON INDIA,"Disney / Pixar CARS 1:55 Die Cast Figure 3-Pack Team No Stall (Shirley Spinout, Roman Dunes and No S",
2017-04-24T10:56:05.003340+00:00,140,https://n2.sdlcdn.com/imgs/c/g/g/large/Disney-Pixar-Cars-2-Movie-SDL824744615-1-c18f6.jpg,2689,AMAZON INDIA,Disney / Pixar Cars 2 Movie 155 Die Cast Car #29 Radiator Springs Ramone,
2017-04-24T10:56:05.014622+00:00,141,https://n4.sdlcdn.com/imgs/c/g/f/large/Luigi-Guido-Tractor-Supercharged-Edition-SDL005297998-1-e2618.jpg,5564,AMAZON INDIA,Luigi Guido Tractor Supercharged Edition Mattel Disney Pixar Cars,
2017-04-24T10:56:05.025937+00:00,142,https://n4.sdlcdn.com/imgs/c/g/g/large/Disney-Pixar-Cars-Supercharged-Fabulous-SDL442036075-1-9f9b0.jpg,2185,AMAZON INDIA,Disney Pixar Cars Supercharged Fabulous Hudson Hornet with Red Wheels Character Car,
2017-04-24T10:56:05.036709+00:00,143,https://n4.sdlcdn.com/imgs/c/g/e/large/Disney-Pixar-Cars-Color-Change-SDL032259833-1-a5f74.jpg,1804,AMAZON INDIA,"Disney/Pixar Cars Color Change 1:55 Scale Vehicle, Sally",
2017-04-24T10:56:05.048050+00:00,144,https://n4.sdlcdn.com/imgs/c/0/t/large/Mattel-Disney-Pixar-Cars-2-SDL327151083-1-0b598.jpg,2025,AMAZON INDIA,Mattel Disney / Pixar Cars 2 Movie Exclusive 155 Die Cast Car Silver Racer Carla Veloso,
2017-04-24T10:56:05.058773+00:00,145,https://n4.sdlcdn.com/imgs/b/3/s/large/Disney-Pixar-Cars-2-Lightning-SDL440193886-1-9ea3e.jpg,1860,AMAZON INDIA,Disney/Pixar Cars 2 Lightning McQueen Diecast Vehicle,
2017-04-24T10:56:05.070244+00:00,146,https://n4.sdlcdn.com/imgs/c/g/g/large/Disney-Pixar-Cars-Radiator-Springs-SDL742699719-1-00c6c.jpg,3334,AMAZON INDIA,Disney / Pixar Cars Radiator Springs Classic 1:55 Die Cast 3-Pack Piston Cup Pit Row,
2017-04-24T10:56:05.081141+00:00,147,https://n4.sdlcdn.com/imgs/c/g/f/large/Mattel-Disney-Pixar-Cars-2-SDL415019992-1-035c0.jpg,2172,AMAZON INDIA,Mattel Disney Pixar Cars 2 Movie Lewis Hamilton,
2017-04-24T10:56:05.092362+00:00,148,https://n4.sdlcdn.com/imgs/c/g/g/large/Disney-Pixar-Cars-Oversized-Circus-SDL083696724-1-bad73.jpg,2450,AMAZON INDIA,Disney/Pixar Cars Oversized Circus Cab Diecast Vehicle,
2017-04-24T10:56:05.103374+00:00,149,https://n4.sdlcdn.com/imgs/b/7/2/large/FABULOUS-HUDSON-HORNET-10-w-SDL649968376-1-c8fae.jpg,2614,AMAZON INDIA,FABULOUS HUDSON HORNET #10 w/ Lenticular Eyes Disney / Pixar CARS 1:55 Scale Die-Cast Vehicle,
2017-04-24T10:56:05.114551+00:00,150,https://n4.sdlcdn.com/imgs/b/w/a/large/Disney-Pixar-CARS-RADIATOR-SPRINGS-SDL283335457-1-0dad2.jpg,1876,AMAZON INDIA,Disney / Pixar CARS RADIATOR SPRINGS CLASSIC Exclusive 155 Die Cast Car Dexter Hoover,
2017-04-24T10:56:05.125832+00:00,151,https://n4.sdlcdn.com/imgs/c/g/g/large/Disney-Pixar-Cars-Hydro-Wheels-SDL650011757-1-c10bd.jpg,1576,AMAZON INDIA,"Disney/Pixar Cars Hydro Wheels, Raoul",
2017-04-24T10:56:05.136685+00:00,152,https://n4.sdlcdn.com/imgs/b/w/x/large/Disney-Pixar-Cars-2-Movie-SDL026679623-1-fe6d8.jpg,4664,AMAZON INDIA,Disney Pixar Cars 2 Movie Exclusive 148 Team Mcqueen Die Cast Helicopter - Chase Edition!,
2017-04-24T10:56:05.147946+00:00,153,https://n4.sdlcdn.com/imgs/c/v/6/large/Disney-Pixar-CARS-Movie-155-SDL926856375-1-12ba6.jpg,4975,AMAZON INDIA,Disney / Pixar CARS Movie 155 Die Cast Car Oversized Vehicle Miles Meat Truck,
2017-04-24T10:56:05.159005+00:00,154,https://n4.sdlcdn.com/imgs/c/g/g/large/Disney-Pixar-Cars-Race-Day-SDL533484775-1-3c723.jpg,6351,AMAZON INDIA,Disney Pixar Cars Race Day Fan 4 Pack With Mama Bernoulli,
2017-04-24T10:56:05.170598+00:00,155,https://n4.sdlcdn.com/imgs/c/0/q/large/Disney-Pixar-Toy-Story-3-SDL485697302-1-a8bf9.jpg,3201,AMAZON INDIA,Disney / Pixar Toy Story 3 Collection Action Figure Buzz,
2017-04-24T10:56:05.180987+00:00,156,https://n4.sdlcdn.com/imgs/c/y/c/large/Disney-Pixar-The-Good-Dinosaur-SDL093943360-1-7d794.jpg,1360,AMAZON INDIA,Disney Pixar The Good Dinosaur Authentic Licensed Stampers Party Favors (10 Stampers),
2017-04-24T10:56:05.192078+00:00,157,https://n4.sdlcdn.com/imgs/c/g/s/large/Vtech-84580-4-Vtech-Disney-SDL094115791-1-00ada.jpg,2893,AMAZON INDIA,Vtech 84580-4 Vtech Disney Pixar Cars 2 V.Smile Motion Game - Pack of 4,
2017-04-24T10:56:05.204268+00:00,158,https://n4.sdlcdn.com/imgs/c/g/g/large/Disney-Pixar-Cars-Series-1-SDL831449201-1-a3481.jpg,1657,AMAZON INDIA,Disney Pixar Cars Series 1 Original Green Ramone 1:55 Scale Die Cast Car,
2017-04-24T10:56:05.214791+00:00,159,https://n4.sdlcdn.com/imgs/c/g/g/large/Disney-Pixar-Cars-Fillmore-Sarge-SDL421127699-1-09b97.jpg,3051,AMAZON INDIA,Disney Pixar Cars Fillmore & Sarge Sergent Sargento Supercharged Movie Moments International Languag,
2017-04-24T10:56:05.225897+00:00,160,https://n4.sdlcdn.com/imgs/c/0/t/large/Disney-Pixar-Cars-Micro-Drifters-SDL646926990-1-d6f5f.jpg,2619,AMAZON INDIA,Disney/Pixar Cars Micro Drifters Fast-Flip Carry Case,
2017-04-24T10:56:05.236748+00:00,161,https://n3.sdlcdn.com/imgs/c/e/r/large/The-Good-Dinosaur-Butch-Feature-SDL672265639-1-db838.jpg,3667,AMAZON INDIA,The Good Dinosaur Butch Feature Action Figure,
2017-04-24T10:56:05.247789+00:00,162,https://n3.sdlcdn.com/imgs/c/g/f/large/Disney-Pixar-Cars-Boost-Supercharged-SDL639516353-1-3e879.jpg,2468,AMAZON INDIA,Disney Pixar Cars Boost Supercharged Edition Mattel 1:55 Scale,
2017-04-24T10:56:05.258882+00:00,163,https://n3.sdlcdn.com/imgs/b/w/b/large/Disney-Pixar-Cars-London-Race-SDL404804590-1-84464.jpg,7537,AMAZON INDIA,Disney Pixar Cars London Race 7 Car Gift Pack,
2017-04-24T10:56:05.270589+00:00,164,https://n3.sdlcdn.com/imgs/c/g/r/large/Disney-Pixar-Cars-Fiat-with-SDL779925925-1-24778.jpg,1140,AMAZON INDIA,Disney/Pixar Cars Fiat with McQueen Sign Diecast Vehicle,
2017-04-24T10:56:05.281046+00:00,165,https://n3.sdlcdn.com/imgs/c/7/6/large/Disney-Pixar-Cars-The-Radiator-SDL738258994-1-c3dee.jpg,3021,AMAZON INDIA,Disney/Pixar Cars The Radiator Springs 500 1/2 Die-Cast Lightning McQueen,
2017-04-24T10:56:05.292231+00:00,166,https://n3.sdlcdn.com/imgs/c/0/w/large/Inside-Out-Disney-Pixar-Large-SDL482248731-1-9134b.jpg,12018,AMAZON INDIA,"Inside Out Disney Pixar Large 16"" Rolling Backpack Roller Book Bag, Lunch Box & Pencil Pouch",
2017-04-24T10:56:05.304037+00:00,167,https://n3.sdlcdn.com/imgs/b/6/w/large/Mattel-Disney-Pixar-Cars-Color-SDL630610870-1-1bce3.jpg,3278,AMAZON INDIA,"Mattel Disney/Pixar Cars Color Change 1:55 Scale Vehicle, Lightning Mcqueen",
2017-04-24T10:56:05.314759+00:00,168,https://n3.sdlcdn.com/imgs/c/g/r/large/Disney-Pixar-Cars-2014-Series-SDL299059645-1-d6a26.jpg,1948,AMAZON INDIA,Disney/Pixar Cars 2014 Series Mel Dorado Mel Dorado Show #5/9 1:55 Scale,
2017-04-24T10:56:05.325828+00:00,169,https://n3.sdlcdn.com/imgs/b/w/x/large/Disney-Pixar-Cars-2-Francesco-SDL492177481-1-21275.jpg,3058,AMAZON INDIA,Disney Pixar Cars 2 Francesco Bernoulli & Ka-Ciao Mcqueen Movie Moments,
2017-04-24T10:56:05.336867+00:00,170,https://n3.sdlcdn.com/imgs/b/w/x/large/Mattel-Pixar-Cars-Raoul-Caroule-SDL645655491-1-2c2b4.jpg,1729,AMAZON INDIA,"Mattel Pixar Cars Raoul Caroule And Bruno Motoreau Diecast Vehicle, 2-Pack",
2017-04-24T10:56:05.347808+00:00,171,https://n3.sdlcdn.com/imgs/c/g/r/large/Disney-Pixar-Cars-1-55-SDL740462706-1-a1d6e.jpg,1881,AMAZON INDIA,Disney Pixar Cars - 1:55 Scale Diecast Silver Racer Series - Raoul Caroule,
2017-04-24T10:56:05.359181+00:00,172,https://n3.sdlcdn.com/imgs/c/e/s/large/Disney-Pixar-CARS-1-55-SDL012223517-1-1ce0a.jpg,3248,AMAZON INDIA,"Disney / Pixar CARS 1:55 Die Cast Figure 3-Pack Team Leak Less (Stacy, Earl Filter and Leak Less)",
2017-04-24T10:56:05.370714+00:00,173,https://n3.sdlcdn.com/imgs/c/7/6/large/Disney-Pixar-Cars-Marty-Brakeburst-SDL637219924-1-50c38.jpg,2070,AMAZON INDIA,Disney/Pixar Cars Marty Brakeburst Diecast Vehicle,
2017-04-24T10:56:05.381597+00:00,174,https://n3.sdlcdn.com/imgs/c/f/9/large/Fisher-Price-Viewmaster-Disney-Pixar-SDL313560589-1-cd814.jpg,5116,AMAZON INDIA,Fisher-Price Viewmaster Disney/Pixar Toy Story 3 Real Binoculars and 3D Viewer,
2017-04-24T10:56:05.392637+00:00,175,https://n3.sdlcdn.com/imgs/c/g/r/large/Disney-Pixar-Cars-Die-Cast-SDL698679149-1-25e92.jpg,1140,AMAZON INDIA,Disney Pixar Cars Die Cast 1:55 Lenticular - Lightning Ramone #15,
2017-04-24T10:56:05.403725+00:00,176,https://n3.sdlcdn.com/imgs/c/7/6/large/Disney-Pixar-Cars-Ice-Racers-SDL074859662-1-41ac1.jpg,1844,AMAZON INDIA,"Disney/Pixar Cars, Ice Racers Die-Cast Car, Vitaly Petrov, 1:55 Scale",
2017-04-24T10:56:05.414341+00:00,177,https://n3.sdlcdn.com/imgs/b/3/s/large/Disney-Pixar-CARS-2-Movie-SDL447092820-1-2701a.jpg,2386,AMAZON INDIA,Disney/Pixar CARS 2 Movie 155 Die Cast Car #26 Lightning McQueen with Hudson Hor,
2017-04-24T10:56:05.426126+00:00,178,https://n3.sdlcdn.com/imgs/c/0/m/large/Mattel-Disney-Pixar-Toy-Story-SDL212106859-1-d4427.jpg,5846,AMAZON INDIA,"Mattel Disney Pixar Toy Story 3 Exclusive Movie Moments Action Figure,6 Inch, 2Pack",
2017-04-24T10:56:05.437334+00:00,179,https://n3.sdlcdn.com/imgs/c/g/r/large/Cactus-Lightning-McQueen-Disney-Pixar-SDL405633220-1-da2c8.jpg,3056,AMAZON INDIA,Cactus Lightning McQueen Disney Pixar Cars First Edition 1:55 Scale Mattel Without New Symbol Logo O,
2017-04-24T10:56:05.448026+00:00,180,https://n3.sdlcdn.com/imgs/b/w/x/large/Mattel-Pixar-Cars-Lightning-Mcqueen-SDL422281785-1-b6762.jpg,9042,AMAZON INDIA,Mattel Pixar Cars Lightning Mcqueen & Doc Hudson (Hudson Hornet) Collectible 1:24 Scale Die-Cast Cars Gift Set Bundle - 2 Pack,
2017-04-24T11:34:48.872058+00:00,181,https://n1.sdlcdn.com/imgs/f/h/8/large/V-Art-Yellow-Chiffon-Saree-SDL607924568-1-5286b.jpg,499,AMAZON INDIA,V Art Yellow Chiffon Saree,
2017-04-24T11:34:48.884439+00:00,182,https://n1.sdlcdn.com/imgs/e/g/y/large/Sareeshop-Designer-Sarees-Navy-Chiffon-SDL211074904-2-92399.jpg,599,AMAZON INDIA,SareeShop Designer SareeS Navy Chiffon Saree,
2017-04-24T11:34:48.896086+00:00,183,https://n1.sdlcdn.com/imgs/c/c/y/large/Dressy-Green-Chanderi-Saree-SDL400032136-1-33eef.jpg,599,AMAZON INDIA,Dressy Green Chanderi Saree,
2017-04-24T11:34:48.906535+00:00,184,https://n1.sdlcdn.com/imgs/e/h/j/large/SareeShop-Designer-SareeS-Multicoloured-Georgette-SDL134409993-5-8b1e8.jpg,1299,AMAZON INDIA,SareeShop Designer SareeS Multicoloured Georgette Saree,
2017-04-24T11:34:48.917545+00:00,185,https://n1.sdlcdn.com/imgs/b/5/v/large/Nidhi-Enterprise-Multicoloured-Georgette-Saree-SDL561711183-1-b4e7e.jpg,698,AMAZON INDIA,Nidhi Enterprise Multicoloured Georgette Saree,
2017-04-24T11:34:48.928590+00:00,186,https://n1.sdlcdn.com/imgs/b/6/h/large/Dressy-Black-Chanderi-Saree-SDL454829821-1-a244a.jpg,599,AMAZON INDIA,Dressy Black Chanderi Saree,
2017-04-24T11:34:48.939572+00:00,187,https://n1.sdlcdn.com/imgs/b/y/a/large/Onlinefayda-Multicoloured-Georgette-Saree-SDL504505815-1-12c6e.jpg,1199,AMAZON INDIA,Onlinefayda Orange Georgette Saree,
2017-04-24T11:34:48.951364+00:00,188,https://n1.sdlcdn.com/imgs/e/0/l/large/Rubeez-Saree-Designer-Multicoloured-Georgette-SDL737200692-1-1509e.jpg,1688,AMAZON INDIA,Rubeez Saree Designer Multicoloured Georgette Saree,
2017-04-24T11:34:48.962471+00:00,189,https://n1.sdlcdn.com/imgs/f/e/7/large/Dressy-Multicoloured-Bhagalpuri-Silk-Saree-SDL933170463-1-60362.jpg,499,AMAZON INDIA,Dressy Multicoloured Bhagalpuri Silk Saree,
2017-04-24T11:34:48.973327+00:00,190,https://n1.sdlcdn.com/imgs/e/e/6/large/Gazal-Fashions-Multicoloured-Georgette-Saree-SDL424182305-1-70ab9.jpg,649,AMAZON INDIA,Gazal Fashions Grey Georgette Saree,
2017-04-24T11:34:48.984249+00:00,191,https://n1.sdlcdn.com/imgs/b/2/i/large/Viva-N-Diva-Multicoloured-Art-SDL073880613-1-89461.jpg,299,AMAZON INDIA,Viva N Diva Multicoloured Art Silk Saree,
2017-04-24T11:34:48.995558+00:00,192,https://n1.sdlcdn.com/imgs/b/5/4/large/SareeShop-Designer-SareeS-Multicoloured-Chiffon-SDL338928142-1-abe23.jpg,1499,AMAZON INDIA,Sareeshop Designer Sarees Pink Chiffon Saree,
2017-04-24T11:34:49.006759+00:00,193,https://n1.sdlcdn.com/imgs/b/z/5/large/Wxw-Fashion-Black-Georgette-Saree-SDL125761732-1-975b9.jpg,598,AMAZON INDIA,WXW Fashion Black Georgette Printed Saree,
2017-04-24T11:34:49.017498+00:00,194,https://n1.sdlcdn.com/imgs/c/e/9/large/Abhay-Kala-Fashion-Pink-Georgette-SDL449414389-1-5f554.jpg,939,AMAZON INDIA,Abhay Kala Fashion Multicoloured Georgette Saree,
2017-04-24T11:34:49.029092+00:00,195,https://n1.sdlcdn.com/imgs/b/y/t/large/Dressy-Multicoloured-Chanderi-Saree-SDL691161959-1-08c87.jpg,549,AMAZON INDIA,Dressy Multicoloured Chanderi Saree,
2017-04-24T11:34:49.040097+00:00,196,https://n1.sdlcdn.com/imgs/e/7/1/large/Siddeshwary-Fab-Multicoloured-Lycra-Saree-SDL833721872-1-3174f.jpg,1199,AMAZON INDIA,Siddeshwary Fab Multicoloured Lycra Saree,
2017-04-24T11:34:49.051340+00:00,197,https://n1.sdlcdn.com/imgs/d/a/8/large/Dressy-Multicoloured-Georgette-Saree-SDL901484688-1-dfc07.jpg,749,AMAZON INDIA,Dressy Multicoloured Georgette Saree,
2017-04-24T11:34:49.061909+00:00,198,https://n1.sdlcdn.com/imgs/f/b/l/large/Rudra-Fashion-Blue-Georgette-Saree-SDL814525181-1-8e10f.jpg,1099,AMAZON INDIA,Rudra Fashion Blue Georgette Saree,
2017-04-24T11:34:49.072982+00:00,199,https://n1.sdlcdn.com/imgs/e/d/f/large/Rubeez-Saree-Designer-Multicoloured-Chiffon-SDL002390069-1-d454b.jpg,599,AMAZON INDIA,Rubeez Saree Designer Multicoloured Chiffon Saree,
2017-04-24T11:34:49.084576+00:00,200,https://n1.sdlcdn.com/imgs/a/6/3/large/Bunny-Sarees-Navy-Faux-Georgette-SDL478739216-1-f1a42.jpg,1093,AMAZON INDIA,Bunny Sarees Navy Georgette Saree,
2017-04-24T11:34:49.095372+00:00,201,https://n2.sdlcdn.com/imgs/e/d/f/large/Rubeez-Saree-Designer-Multicoloured-Chiffon-SDL731331032-1-c2038.jpg,599,AMAZON INDIA,Rubeez Saree Designer Multicoloured Chiffon Saree,
2017-04-24T11:34:49.106723+00:00,202,https://n2.sdlcdn.com/imgs/a/1/w/large/Ravi-Designer-Sarees-Pink-Pure-SDL818258410-1-8a5c7.jpg,450,AMAZON INDIA,Ravi Designer Sarees Pink Chiffon Saree,
2017-04-24T11:34:49.117840+00:00,203,https://n2.sdlcdn.com/imgs/e/n/m/large/Onlinefayda-Multicoloured-Georgette-Saree-SDL496372903-1-fb277.jpg,1299,AMAZON INDIA,Onlinefayda Multicoloured Georgette Saree,
2017-04-24T11:34:49.128884+00:00,204,https://n2.sdlcdn.com/imgs/b/5/4/large/Sareeshop-Designer-Sarees-Navy-Chiffon-SDL296958699-1-5fc03.jpg,649,AMAZON INDIA,Sareeshop Designer Sarees Navy Chiffon Saree,
2017-04-24T11:34:49.140041+00:00,205,https://n2.sdlcdn.com/imgs/f/a/c/large/Rudra-Fashion-Multicoloured-Georgette-Saree-SDL464128982-1-d0970.jpg,1199,AMAZON INDIA,Rudra Fashion Multicoloured Georgette Saree,
2017-04-24T11:34:49.151514+00:00,206,https://n2.sdlcdn.com/imgs/e/j/i/large/Gazal-Fashions-Multicoloured-Banarasi-Silk-SDL317552450-1-8a1b0.jpg,1099,AMAZON INDIA,Gazal Fashions Multicoloured Banarasi Silk Saree,
2017-04-24T11:34:49.161807+00:00,207,https://n2.sdlcdn.com/imgs/c/j/c/large/Triveni-Green-Georgette-Saree-SDL066397475-1-8db7b.jpg,340,AMAZON INDIA,Triveni Green Georgette Saree,
2017-04-24T11:34:49.172909+00:00,208,https://n2.sdlcdn.com/imgs/a/5/e/large/Aai-shree-khodiyar-art-Beige-SDL954918487-1-19b78.jpg,610,AMAZON INDIA,Aai Shree Khodiyar Art Beige Georgette Saree,
2017-04-24T11:34:49.184134+00:00,209,https://n2.sdlcdn.com/imgs/b/5/8/large/SareeShop-Designer-SareeS-Navy-Chiffon-SDL633630021-1-bb155.jpg,999,AMAZON INDIA,SareeShop Designer SareeS Navy Chiffon Saree,
2017-04-24T11:34:49.195460+00:00,210,https://n2.sdlcdn.com/imgs/b/0/2/large/The-Lugai-Fashion-Yellow-Georgette-SDL866910459-1-9b3d1.jpg,449,AMAZON INDIA,The Lugai Fashion Multicoloured Georgette Saree,
2017-04-24T11:34:49.206638+00:00,211,https://n2.sdlcdn.com/imgs/c/v/2/large/Dressy-Multicoloured-Georgette-Saree-SDL764296199-1-dac4d.jpg,899,AMAZON INDIA,Dressy Multicoloured Georgette Saree,
2017-04-24T11:34:49.217866+00:00,212,https://n2.sdlcdn.com/imgs/e/s/o/large/SDL052410299_M_1_3x-d8147.jpg,495,AMAZON INDIA,V Art Blue Chiffon Saree,
2017-04-24T11:34:49.228742+00:00,213,https://n2.sdlcdn.com/imgs/b/1/u/large/pinkreniyanew-829a1.jpg,1199,AMAZON INDIA,Darshita International Pink Chiffon Saree,
2017-04-24T11:34:49.240366+00:00,214,https://n2.sdlcdn.com/imgs/b/v/w/large/Mahalaxmi-Fashion-Orange-Georgette-Saree-SDL882832533-1-65fdc.jpg,999,AMAZON INDIA,Mahalaxmi Fashion Orange Georgette Saree,
2017-04-24T11:34:49.251323+00:00,215,https://n2.sdlcdn.com/imgs/b/g/j/large/Kuki-Fashion-Black-Faux-Georgette-SDL135791659-1-da20c.jpg,1547,AMAZON INDIA,Kuki Pink Georgette Saree,
2017-04-24T11:34:49.262410+00:00,216,https://n2.sdlcdn.com/imgs/b/x/y/large/Sukuma-Yellow-Cotton-Saree-SDL795370534-1-a490c.jpg,406,AMAZON INDIA,Sukuma Yellow Cotton Saree,
2017-04-24T11:34:49.273173+00:00,217,https://n2.sdlcdn.com/imgs/d/a/j/large/Dressy-Multicoloured-Georgette-Saree-SDL709815691-1-d9759.jpg,797,AMAZON INDIA,Dressy Multicoloured Georgette Saree,
2017-04-24T11:34:49.284362+00:00,218,https://n2.sdlcdn.com/imgs/e/e/o/large/Gazal-Fashions-Maroon-Cotton-Silk-SDL342458617-1-2a5d0.jpg,425,AMAZON INDIA,Gazal Fashions Maroon Cotton Silk Saree,
2017-04-24T11:34:49.295643+00:00,219,https://n2.sdlcdn.com/imgs/b/y/h/large/Onlinefayda-Orange-Georgette-Saree-SDL708013107-1-f8e98.jpg,1276,AMAZON INDIA,Onlinefayda Multicoloured Georgette Saree,
2017-04-24T11:34:49.306852+00:00,220,https://n2.sdlcdn.com/imgs/b/8/0/large/Janasya-Red-Bhagalpuri-Silk-Saree-SDL807076790-1-8bf91.jpg,449,AMAZON INDIA,Janasya Multicoloured Silk Saree,
2017-04-24T11:34:49.317824+00:00,221,https://n3.sdlcdn.com/imgs/c/x/s/large/AAI-SHREE-KHODIYAR-ART-Multicoloured-SDL393632904-1-27a90.jpg,630,AMAZON INDIA,AAI SHREE KHODIYAR ART Multicoloured Georgette Saree,
2017-04-24T11:34:49.328979+00:00,222,https://n3.sdlcdn.com/imgs/e/c/q/large/Sareeshop-Designer-Sarees-Navy-Chiffon-SDL674977239-1-400bf.jpg,999,AMAZON INDIA,Sareeshop Designer Sarees Navy Chiffon Saree,
2017-04-24T11:34:49.339923+00:00,223,https://n3.sdlcdn.com/imgs/b/8/3/large/Dressy-Multicoloured-Bhagalpuri-Silk-Saree-SDL902490645-1-cf319.jpg,479,AMAZON INDIA,Dressy Multicoloured Bhagalpuri Silk Saree,
2017-04-24T11:34:49.351468+00:00,224,https://n3.sdlcdn.com/imgs/b/f/o/large/Women-Party-Wear-Designer-Sarees-SDL151642073-1-249fa.jpg,999,AMAZON INDIA,Pahal Fashion Blue Georgette Saree,
2017-04-24T11:34:49.362299+00:00,225,https://n3.sdlcdn.com/imgs/e/u/y/large/OnlineFayda-Grey-Net-Saree-SDL448399942-1-0b452.jpg,1014,AMAZON INDIA,OnlineFayda Grey Net Saree,
2017-04-24T11:34:49.373121+00:00,226,https://n3.sdlcdn.com/imgs/e/h/i/large/Rubeez-Saree-Designer-Multicoloured-Chiffon-SDL558683125-1-321f6.jpg,533,AMAZON INDIA,Rubeez Saree Designer Multicoloured Chiffon Saree,
2017-04-24T11:34:49.384365+00:00,227,https://n3.sdlcdn.com/imgs/c/f/3/large/Awesome-Black-Georgette-Saree-SDL241345805-1-44c9c.jpg,998,AMAZON INDIA,Awesome Black Georgette Saree,
2017-04-24T11:34:49.395858+00:00,228,https://n3.sdlcdn.com/imgs/e/j/k/large/Dressy-Multicoloured-Chanderi-Saree-SDL877006465-1-7648d.jpg,499,AMAZON INDIA,Dressy Multicoloured Chanderi Saree,
2017-04-24T11:34:49.406951+00:00,229,https://n3.sdlcdn.com/imgs/b/x/6/large/SareeShop-Designer-SareeS-Red-Chiffon-SDL410460390-1-cc733.jpg,499,AMAZON INDIA,SareeShop Designer SareeS Red Chiffon Saree,
2017-04-24T11:34:49.417885+00:00,230,https://n3.sdlcdn.com/imgs/e/g/t/large/Lajree-Designer-Multicoloured-Chiffon-Saree-SDL737614576-1-630ed.jpg,624,AMAZON INDIA,Lajree Designer Blue Chiffon Saree,
2017-04-24T11:34:49.429115+00:00,231,https://n3.sdlcdn.com/imgs/c/u/9/large/V-Art-Yellow-Chiffon-Saree-SDL890492291-1-c915e.jpg,445,AMAZON INDIA,V Art Yellow Chiffon Saree,
2017-04-24T11:34:49.439872+00:00,232,https://n3.sdlcdn.com/imgs/e/p/n/large/Onlinefayda-Peach-Georgette-Saree-SDL335970947-1-80285.jpg,1099,AMAZON INDIA,Onlinefayda Peach Georgette Saree,
2017-04-24T11:34:49.451488+00:00,233,https://n3.sdlcdn.com/imgs/e/j/n/large/Limozine-Creation-Multicoloured-Net-Saree-SDL928987903-1-cff1b.jpg,1213,AMAZON INDIA,Limozine Creation Multicoloured Net Saree,
2017-04-24T11:34:49.462379+00:00,234,https://n3.sdlcdn.com/imgs/f/k/i/large/SareeShop-Designer-SareeS-Turquoise-Silk-SDL915610900-1-1734a.jpg,999,AMAZON INDIA,SareeShop Designer SareeS Turquoise Silk Saree,
2017-04-24T11:34:49.473156+00:00,235,https://n3.sdlcdn.com/imgs/e/0/2/large/IndianEfashion-Multicoloured-Georgette-Saree-SDL286441383-1-38eb1.jpg,899,AMAZON INDIA,IndianEfashion Multicoloured Georgette Saree,
2017-04-24T11:34:49.484684+00:00,236,https://n3.sdlcdn.com/imgs/b/u/6/large/Shivanya-Fashion-Navy-Georgette-Saree-SDL023171010-1-747c8.jpg,1399,AMAZON INDIA,Shivanya Fashion Navy Georgette Saree,
2017-04-24T11:34:49.495788+00:00,237,https://n3.sdlcdn.com/imgs/e/m/v/large/V-Art-Green-Chiffon-Saree-SDL237633214-1-eeb1f.jpg,601,AMAZON INDIA,V Art Green Chiffon Saree,
2017-04-24T11:34:49.506674+00:00,238,https://n3.sdlcdn.com/imgs/c/g/p/large/Sareeshop-Designer-Sarees-Blue-Chiffon-SDL399017187-1-f482e.jpg,599,AMAZON INDIA,SareeShop Designer SareeS Blue Chiffon Saree,
2017-04-24T11:34:49.518094+00:00,239,https://n3.sdlcdn.com/imgs/c/8/o/large/Dressy-Multicoloured-Georgette-Saree-SDL072309919-1-89553.jpg,799,AMAZON INDIA,Dressy Multicoloured Georgette Saree,
2017-04-24T11:34:49.528877+00:00,240,https://n3.sdlcdn.com/imgs/b/7/j/large/Janasya-Multicoloured-Silk-Saree-SDL104348456-1-d6ab7.jpg,1829,AMAZON INDIA,Janasya Multicoloured Silk Saree,
2017-04-24T11:41:19.236092+00:00,241,https://n1.sdlcdn.com/imgs/c/u/9/large/Apple-iPad-Flip-Cover-By-SDL791999353-1-25d1e.jpg,699,AMAZON INDIA,Apple iPad PRO 2 9.7 Inch Flip Cover By TGK - Black,
2017-04-24T11:41:19.259490+00:00,242,https://n1.sdlcdn.com/imgs/f/d/o/large/Refurbished-Apple-iPad-16GB-Wifi-SDL250624003-1-71edd.jpg,14999,AMAZON INDIA,Refurbished Apple iPad 16GB Wifi Only Black,
2017-04-24T11:41:19.270142+00:00,243,https://n1.sdlcdn.com/imgs/a/c/5/large/SDL250399755_1375079440_image1-67b5e.jpg,999,AMAZON INDIA,Amzer 93511 Silicone Skin Jelly Case - Black for Apple iPad 4,
2017-04-24T11:41:19.281107+00:00,244,https://n1.sdlcdn.com/imgs/b/y/5/large/ACM-Flip-Cover-Inbuilt-Keyboard-SDL792935417-1-222c2.jpg,499,AMAZON INDIA,ACM Flip Cover Inbuilt Keyboard with Micro USB Cable for Apple iPad Mini - Black,
2017-04-24T11:41:19.292565+00:00,245,https://n1.sdlcdn.com/imgs/a/h/3/large/RKA-360-Rotating-PU-Leather-SDL053900025-1-6029d.jpg,399,AMAZON INDIA,RKA 360 Rotating PU Leather Flip Case Cover For Apple iPad Mini 7.9 Inch Black,
2017-04-24T11:41:19.303836+00:00,246,https://n1.sdlcdn.com/imgs/a/f/m/large/SDL505216273_1382965159_image1-3df8c.jpg,614,AMAZON INDIA,iRotation - iPad Leather 360 Rotating Case Cover For iPad 2 3 4 RED,
2017-04-24T11:41:19.314558+00:00,247,https://n1.sdlcdn.com/imgs/a/7/6/large/Amzer-Back-Cover-For-Apple-SDL138049993-1-7d72d.jpg,799,AMAZON INDIA,Amzer Back Cover For Apple iPad Air 2 - Gray,
2017-04-24T11:41:19.325581+00:00,248,https://n1.sdlcdn.com/imgs/a/5/8/large/Kolorfish-Cover-For-Apple-iPad-SDL178156997-1-f246a.jpg,807,AMAZON INDIA,Kolorfish Cover For Apple iPad 4- Blue,
2017-04-24T11:41:19.336784+00:00,249,https://n1.sdlcdn.com/imgs/a/n/x/large/2010kharido-Ipad-4-3-2-SDL558057840-1-fa363.jpg,349,AMAZON INDIA,2010kharido Ipad 4 3 2 360 Rotating Magnetic Cute Cartoon Leather Case Smart Cover Dark Blue,
2017-04-24T11:41:19.347972+00:00,250,https://n1.sdlcdn.com/imgs/b/2/l/large/TGK-Flip-Cover-For-Apple-SDL821284181-1-46b19.jpg,499,AMAZON INDIA,TGK Flip Cover For Apple iPad Air 2 - Blue,
2017-04-24T11:41:19.359242+00:00,251,https://n1.sdlcdn.com/imgs/b/0/b/large/Go-Crazzy-Tablet-Cover-for-SDL942065914-1-a4cf8.jpg,699,AMAZON INDIA,Go Crazzy Tablet Cover for Apple iPad Mini 2 - Blue,
2017-04-24T11:41:19.370055+00:00,252,https://n1.sdlcdn.com/imgs/a/o/a/large/Amzer-Black-Back-Cover-Case-SDL499982031-1-5edb4.jpg,1599,AMAZON INDIA,"Amzer Black Back Cover Case For Apple Ipad Mini, Samsung Tab 4 - 8 Inch",
2017-04-24T11:41:19.381368+00:00,253,https://n1.sdlcdn.com/imgs/a/f/m/large/SDL508270148_1382965062_image1-83a81.jpg,599,AMAZON INDIA,iFun - iPad Leather 360 Rotating Cover for iPad 2 3 4 HOT PINK,
2017-04-24T11:41:19.392287+00:00,254,https://n1.sdlcdn.com/imgs/a/h/3/large/RKA-Leather-Flip-Designer-Stripe-SDL694358612-1-a72f4.jpg,599,AMAZON INDIA,RKA Leather Flip Designer Stripe Table Talk Wallet Case Cover for Apple iPad Mini 7.9 Inch Tablet New Khaki,
2017-04-24T11:41:19.404211+00:00,255,https://n1.sdlcdn.com/imgs/a/w/l/large/Ganesham-3-5mm-Audio-Splitter-SDL390287077-1-407f0.jpg,299,AMAZON INDIA,"Ganesham 3.5mm Audio Splitter Adapter Y Cable For Samsung, Lava, Karbonn, Iphone, Ipad, Ipod, Mp3 - 4pec - White",
2017-04-24T11:41:19.414510+00:00,256,https://n1.sdlcdn.com/imgs/a/i/g/large/Gioiabazar-Stylus-Pen-for-Apple-SDL736789069-1-e6341.JPG,120,AMAZON INDIA,Gioiabazar Stylus Pen for Apple iPad 2 3 4 Samsung HTC Touch Tablet Silver,
2017-04-24T11:41:19.425700+00:00,257,https://n1.sdlcdn.com/imgs/b/j/6/large/Airplus-Flip-Cover-Case-For-SDL507336151-1-14bc3.jpg,2040,AMAZON INDIA,Airplus Flip Cover Case For Apple Ipad Air 2 - Black,
2017-04-24T11:41:19.436706+00:00,258,https://n1.sdlcdn.com/imgs/b/z/1/large/Apple-iPad-Mini-2-Flip-SDL494738714-1-3c417.jpg,799,AMAZON INDIA,Apple iPad Mini 2 Flip Cover by Finaux - Black,
2017-04-24T11:41:19.447899+00:00,259,https://n1.sdlcdn.com/imgs/a/h/c/large/KolorFish-Irotation-360-Degree-Ipad-SDL582737577-1-c20cf.jpg,599,AMAZON INDIA,KolorFish Irotation 360 Degree - Ipad Cover For Ipad Air White,
2017-04-24T11:41:19.459692+00:00,260,https://n1.sdlcdn.com/imgs/b/5/8/large/Apple-iPad-Mini-2-Flip-SDL743262251-1-3f236.jpg,622,AMAZON INDIA,Apple iPad Mini 2 Flip Cover By Finaux Black,
2017-04-24T11:41:19.470162+00:00,261,https://n1.sdlcdn.com/imgs/b/f/j/large/iCase-Flip-Cover-For-ipad-SDL433606454-1-93a77.jpg,399,AMAZON INDIA,icase Polka Dots Rotating Case Cover For Ipad Mini 1 Mini 2 Mini3,
2017-04-24T11:41:19.481094+00:00,262,https://n1.sdlcdn.com/imgs/c/b/b/large/Duisah-USB-Data-Cable-Cable-SDL625085756-1-f13f8.jpg,300,AMAZON INDIA,"Duisah iOS 7 USB Data Sync Charge Cable for Apple iPhone 5/5s/5c,iPad Mini,iPad 4th Gen - White - 1.2 Meter",
2017-04-24T11:41:19.492356+00:00,263,https://n1.sdlcdn.com/imgs/c/h/j/large/Apple-ipad-Mini-4-Flip-SDL189303901-1-e8e0e.jpg,780,AMAZON INDIA,Apple ipad Mini 4 Flip Cover By Sami Navy Blue,
2017-04-24T11:41:19.504237+00:00,264,https://n1.sdlcdn.com/imgs/c/f/3/large/Apple-iPad-Mini-Flip-Cover-SDL824871113-1-a3daf.jpg,299,AMAZON INDIA,Apple iPad Mini Flip Cover By Ezze Shopping Pink,
2017-04-24T11:41:19.514574+00:00,265,https://n1.sdlcdn.com/imgs/a/h/3/large/RKA-360-Rotating-PU-Leather-SDL029665286-1-9920f.JPG,399,AMAZON INDIA,RKA 360 Rotating PU Leather Stand Case Cover For Apple iPad Air 5th Gen New Navy Blue,
2017-04-24T11:41:19.525590+00:00,266,https://n1.sdlcdn.com/imgs/e/8/l/large/Apple-iPad-Air-2-Flip-SDL495153146-1-119a7.jpg,1199,AMAZON INDIA,Apple iPad Air 2 Flip Cover By Bracevor Brown,
2017-04-24T11:41:19.536999+00:00,267,https://n1.sdlcdn.com/imgs/a/7/9/large/Madzbag-Designer-Back-Cover-For-SDL525589761-1-73459.jpg,999,AMAZON INDIA,"Madzbag Designer Back Cover For Apple Ipad 2/3/4, Air, Air2- Pink",
2017-04-24T11:41:19.547952+00:00,268,https://n1.sdlcdn.com/imgs/b/5/v/large/Apple-iPad-Air-2-Flip-SDL875050001-1-cd109.jpg,399,AMAZON INDIA,Apple iPad Air 2 Flip Cover By ACM Blue,
2017-04-24T11:41:19.559669+00:00,269,https://n1.sdlcdn.com/imgs/c/u/j/large/Apple-iPad-Pro-Flip-Cover-SDL216938403-1-c0bc5.jpg,599,AMAZON INDIA,Apple iPad Pro 12.9 Inch Flip Cover by TGK - White,
2017-04-24T11:41:19.570072+00:00,270,https://n1.sdlcdn.com/imgs/c/r/4/large/Apple-iPad-Flip-Cover-By-SDL586203201-1-4a05e.png,399,AMAZON INDIA,Apple iPad Flip Cover By Apple White,
2017-04-24T11:41:19.581426+00:00,271,https://n1.sdlcdn.com/imgs/c/l/9/large/Apple-iPad-3-Tempered-Glass-SDL589621091-1-65eb3.jpg,457,AMAZON INDIA,Apple iPad 3 Tempered Glass Screen Guard by APS,
2017-04-24T11:41:19.592382+00:00,272,https://n1.sdlcdn.com/imgs/c/u/j/large/TGK-360-Degree-Rotating-Leather-SDL016109718-1-48663.jpeg,499,AMAZON INDIA,"TGK 360 Degree Rotating Leather Case Cover Stand For iPad 4, iPad 3, iPad 2 - Black",
2017-04-24T11:41:19.604157+00:00,273,https://n1.sdlcdn.com/imgs/b/h/u/large/Callmate-Data-and-Charging-Cable-SDL026153416-1-986dd.jpg,399,AMAZON INDIA,Callmate Data and Charging Cable for Apple iPad Mini - Red,
2017-04-24T11:41:19.614826+00:00,274,https://n1.sdlcdn.com/imgs/a/h/1/large/2010kharido-360-Rotating-PU-Leather-SDL934751217-1-f5527.jpg,349,AMAZON INDIA,2010kharido 360 Rotating PU Leather Case Cover For Apple ipad 2 3 and New ipad 4 Red,
2017-04-24T11:41:19.625768+00:00,275,https://n1.sdlcdn.com/imgs/b/4/v/large/ACM-Pouch-Cover-for-Apple-SDL375742565-1-8318a.jpg,349,AMAZON INDIA,Acm Premium Pouch Case Cover For Apple Ipad Air 2 - Brown,
2017-04-24T11:41:19.636796+00:00,276,https://n1.sdlcdn.com/imgs/d/d/p/large/Apple-ipad-Mini-4-Flip-SDL015281863-1-dc7af.jpg,607,AMAZON INDIA,Apple ipad Mini 4 Flip Cover By Go Crazzy Blue,
2017-04-24T11:41:19.647972+00:00,277,https://n1.sdlcdn.com/imgs/c/e/d/large/iPad-2-Plain-Back-Cover-SDL128345338-1-8110b.jpg,807,AMAZON INDIA,iPad 2 Plain Back Cover By Celzo Black,
2017-04-24T11:41:19.659374+00:00,278,https://n1.sdlcdn.com/imgs/b/7/b/large/Apple-iPad-Air-2-Flip-SDL715554223-1-ff569.jpg,667,AMAZON INDIA,Apple iPad Air 2 Flip Cover By Dsas Brown,
2017-04-24T11:41:19.670198+00:00,279,https://n1.sdlcdn.com/imgs/b/n/o/large/Airplus-USB-Data-Cable-Grey-SDL289390670-1-cf938.jpg,899,AMAZON INDIA,"Airplus 8 Pin To Usb MFI Certified Lightning Cable For Apple Iphones, Ipad And Ipod [Grey]",
2017-04-24T11:41:19.681197+00:00,280,https://n1.sdlcdn.com/imgs/a/h/u/large/RKA-360-Rotating-PU-Leather-SDL670273636-1-2a76f.jpg,399,AMAZON INDIA,RKA 360 Rotating PU Leather Case Cover For Apple iPad 2 3 and New iPad 4 Red,
2017-04-24T11:41:19.692372+00:00,281,https://n3.sdlcdn.com/imgs/a/7/z/large/Stok-3-in-1-Micro-SDL043853070-1-a42c0.jpg,249,AMAZON INDIA,Stok 3 In 1 Micro Usb Charger Cable To 8-Pin For For Apple Iphone 4/4S/5/Ipad Mini/Htc/Samsung- White,
2017-04-24T11:41:19.704078+00:00,282,https://n3.sdlcdn.com/imgs/b/d/d/large/Kolorfish-Rotating-Flip-Cover-For-SDL064570163-1-bea1d.jpg,799,AMAZON INDIA,Kolorfish Rotating Flip Cover For Apple iPad Air 2 - Multicolour,
2017-04-24T11:41:19.714720+00:00,283,https://n3.sdlcdn.com/imgs/c/u/i/large/TGK-360-Degree-Rotating-Leather-SDL614857302-1-eec15.jpg,499,AMAZON INDIA,TGK 360 Degree Rotating Leather Case Cover for iPad MINI 4 -Black,
2017-04-24T11:41:19.725972+00:00,284,https://n3.sdlcdn.com/imgs/b/b/x/large/ACM-Flip-Cover-For-Apple-SDL391586178-1-e7228.jpg,319,AMAZON INDIA,ACM Flip Cover For Apple iPad Mini 2 - Blue,
2017-04-24T11:41:19.737545+00:00,285,https://n3.sdlcdn.com/imgs/a/5/w/large/Redwave-Flip-Cover-for-Apple-SDL884871868-1-71b85.jpg,599,AMAZON INDIA,"Redwave Ultra Thin Smart Case Flip Foldable Smart Cover for Apple iPad 2, 3 & 4-Black",
2017-04-24T11:41:19.748261+00:00,286,https://n3.sdlcdn.com/imgs/a/3/u/large/ACM-Leather-Flip-Cover-For-SDL294644556-1-32e0e.jpg,339,AMAZON INDIA,Acm Rotating 360Degree Leather Flip Case For Apple Ipad Air 1 Tablet Stand Cover Holder Dark Pink,
2017-04-24T11:41:19.759454+00:00,287,https://n3.sdlcdn.com/imgs/a/h/u/large/RKA-360-Rotating-PU-Leather-SDL670327684-1-ebdcb.jpg,399,AMAZON INDIA,RKA 360 Rotating PU Leather Case Cover For Apple iPad 2 3 and New iPad 4 Hot Pink,
2017-04-24T11:41:19.770574+00:00,288,https://n3.sdlcdn.com/imgs/d/d/q/large/Apple-iPad-Mini-2-Flip-SDL777020634-1-bfd40.jpg,557,AMAZON INDIA,Apple iPad Mini 2 Flip Cover By Go Crazzy Yellow,
2017-04-24T11:41:19.781883+00:00,289,https://n3.sdlcdn.com/imgs/b/z/5/large/ACM-Case-Cover-for-Apple-SDL756541172-1-6dd87.jpeg,339,AMAZON INDIA,ACM Case Cover for  Apple Ipad Air 2 - Pink,
2017-04-24T11:41:19.792691+00:00,290,https://n3.sdlcdn.com/imgs/b/b/u/large/Icase-Back-Cover-for-iPad-SDL927787205-1-5b434.jpg,359,AMAZON INDIA,iCase White 360 Degree Rotating Leather Case Cover Stand For ipad 4 ipad 3 ipad 2,
2017-04-24T11:41:19.803661+00:00,291,https://n3.sdlcdn.com/imgs/d/u/2/large/Apple-iPad-Air-2-Flip-SDL896006211-2-a10e4.jpg,699,AMAZON INDIA,Apple iPad Air 2 Flip Cover By TGK Black,
2017-04-24T11:41:19.815214+00:00,292,https://n3.sdlcdn.com/imgs/b/s/9/large/ACM-Flip-Cover-for-Apple-SDL326606344-1-2bf20.jpg,349,AMAZON INDIA,ACM Flip Cover for Apple Ipad Air 2 - Brown,
2017-04-24T11:41:19.826167+00:00,293,https://n3.sdlcdn.com/imgs/c/h/j/large/Apple-iPad-Mini-2-Flip-SDL968891567-1-fb4a4.jpg,795,AMAZON INDIA,Apple iPad Mini 2 Flip Cover By Sami Navy Blue,
2017-04-24T11:41:19.837187+00:00,294,https://n3.sdlcdn.com/imgs/b/a/9/large/KolorFish-Flip-Cover-For-Apple-SDL580939061-1-0a012.jpg,657,AMAZON INDIA,KolorFish Flip Cover For Apple iPad Air - Pink,
2017-04-24T11:41:19.848283+00:00,295,https://n3.sdlcdn.com/imgs/c/f/a/large/Apple-iPad-Air-2-Flip-SDL479672747-1-d5a2f.jpg,399,AMAZON INDIA,Apple iPad Air 2 Flip Cover By ACM Blue,
2017-04-24T11:41:19.859486+00:00,296,https://n3.sdlcdn.com/imgs/a/i/g/large/Gioiabazar-360-Degree-Rotating-PU-SDL014957410-1-56bd4.JPG,339,AMAZON INDIA,Gioiabazar 360 Degree Rotating PU Leather Flip Case Cover For Apple iPad Mini 7.9 Inch 2nd Gen Navy Blue,
2017-04-24T11:41:19.870631+00:00,297,https://n3.sdlcdn.com/imgs/a/f/m/large/SDL498808230_1382965130_image1-af3b9.jpg,664,AMAZON INDIA,iFun - iPad Leather 360 Rotating Cover for iPad 2 3 4 GREEN,
2017-04-24T11:41:19.881561+00:00,298,https://n3.sdlcdn.com/imgs/a/4/n/large/Acm-Flip-Cover-For-Apple-SDL508720891-1-475e3.jpg,319,AMAZON INDIA,ACM Rotating 360 Degree Leather Flip Case For Apple Ipad Mini 2 Tablet Stand Cover Holder Red,
2017-04-24T11:41:19.892538+00:00,299,https://n3.sdlcdn.com/imgs/a/i/e/large/Gioiabazar-360-Rotating-PU-Leather-SDL106950987-1-5d58e.jpg,299,AMAZON INDIA,Gioiabazar 360 Rotating PU Leather Case Cover For Apple iPad 2 3 and New iPad 4 White,
2017-04-24T11:41:19.904390+00:00,300,https://n3.sdlcdn.com/imgs/c/b/b/large/Duisah-iPhone-5-5S-6-SDL875769951-1-44118.jpg,300,AMAZON INDIA,Duisah iPhone 5/5S/6/6 Plus/6S/6S Plus/iPod 7/ iPad Air 1 USB Data Cable Cable White - 1.2,
2017-04-24T13:43:27.564698+00:00,301,https://n3.sdlcdn.com/imgs/e/m/g/large/Lenovo-Black-Backpack-SDL433989641-1-0ddb2.jpg,689,AMAZON INDIA,Lenovo Black Backpack,
2017-04-24T13:43:27.584500+00:00,302,https://n3.sdlcdn.com/imgs/e/m/g/large/Lenovo-Black-Backpack-SDL433989641-1-0ddb2.jpg,689,AMAZON INDIA,Lenovo Black Backpack,
2017-04-24T13:43:27.595237+00:00,303,https://n3.sdlcdn.com/imgs/e/m/g/large/Lenovo-Black-Backpack-SDL433989641-1-0ddb2.jpg,689,AMAZON INDIA,Lenovo Black Backpack,
2017-04-24T13:43:27.606828+00:00,304,https://n3.sdlcdn.com/imgs/e/m/g/large/Lenovo-Black-Backpack-SDL433989641-1-0ddb2.jpg,689,AMAZON INDIA,Lenovo Black Backpack,
2017-04-24T13:43:27.617777+00:00,305,https://n3.sdlcdn.com/imgs/e/m/g/large/Lenovo-Black-Backpack-SDL433989641-1-0ddb2.jpg,689,AMAZON INDIA,Lenovo Black Backpack,
2017-04-24T13:43:27.629242+00:00,306,https://n3.sdlcdn.com/imgs/e/m/g/large/Lenovo-Black-Backpack-SDL433989641-1-0ddb2.jpg,689,AMAZON INDIA,Lenovo Black Backpack,
2017-04-24T13:43:27.640082+00:00,307,https://n3.sdlcdn.com/imgs/e/m/g/large/Lenovo-Black-Backpack-SDL433989641-1-0ddb2.jpg,689,AMAZON INDIA,Lenovo Black Backpack,
2017-04-24T13:43:27.651130+00:00,308,https://n3.sdlcdn.com/imgs/e/m/g/large/Lenovo-Black-Backpack-SDL433989641-1-0ddb2.jpg,689,AMAZON INDIA,Lenovo Black Backpack,
2017-04-24T13:43:27.662208+00:00,309,https://n3.sdlcdn.com/imgs/e/m/g/large/Lenovo-Black-Backpack-SDL433989641-1-0ddb2.jpg,689,AMAZON INDIA,Lenovo Black Backpack,
2017-04-24T13:43:27.673567+00:00,310,https://n3.sdlcdn.com/imgs/e/m/g/large/Lenovo-Black-Backpack-SDL433989641-1-0ddb2.jpg,689,AMAZON INDIA,Lenovo Black Backpack,
2017-04-24T15:13:44.554345+00:00,311,http://ecx.images-amazon.com/images/I/41owhaRW53L._AC_US327_QL65_.jpg,"1,099.00 - <span class=""currencyINR"">",AMAZON INDIA,Complete-Calvin-Hobbes-Set-Books,
2017-04-24T15:13:44.562410+00:00,312,http://ecx.images-amazon.com/images/I/41owhaRW53L._AC_US500_QL65_.jpg,"<span class=""a-size-base a-color-price s-price a-text-bold""><span class=""currencyINR"">",AMAZON INDIA,Complete-Calvin-Hobbes,
2017-04-24T15:13:44.574056+00:00,313,http://ecx.images-amazon.com/images/I/516t-pKScRL._AC_US436_QL65_.jpg,"<span class=""a-size-base a-color-price s-price a-text-bold""><span class=""currencyINR"">",AMAZON INDIA,Calvin-Klein-Womens-Cotton-Striking,
2017-04-24T15:13:44.584601+00:00,314,http://ecx.images-amazon.com/images/I/418mKtmWckL._AC_US327_QL65_.jpg,"<span class=""a-size-base a-color-price s-price a-text-bold""><span class=""currencyINR"">",AMAZON INDIA,Calvin-Klein-036182240484_J301188_32W-34L_Blue-Fountain,
2017-04-24T15:13:44.596524+00:00,315,http://ecx.images-amazon.com/images/I/418mKtmWckL._AC_US500_QL65_.jpg,"<span class=""a-size-base a-color-price s-price a-text-bold""><span class=""currencyINR"">",AMAZON INDIA,Calvin-Klein-Jeans-701549219006-J301887-32W-32L-Grey,
2017-04-24T15:13:44.607190+00:00,316,http://ecx.images-amazon.com/images/I/41+O288ZiXL._AC_US436_QL65_.jpg,"5,999.00",AMAZON INDIA,Calvin-Klein-631620907976-U8515D-BLACK-L-Black,
2017-04-24T15:13:44.618588+00:00,317,http://ecx.images-amazon.com/images/I/41IxfgK3+yL._AC_US327_QL65_.jpg,"4,949.00 - <span class=""currencyINR"">",AMAZON INDIA,Calvin-Klein-Cotton-Trunks-701549541152-U1804D-BLACK,
2017-04-24T15:13:44.629237+00:00,318,http://ecx.images-amazon.com/images/I/41IxfgK3+yL._AC_US500_QL65_.jpg,"<span class=""a-size-base a-color-price s-price a-text-bold""><span class=""currencyINR"">",AMAZON INDIA,Calvin-Klein-Casual-Shirt-036182256447_J304189_Large_Ck,
2017-04-24T15:13:44.640321+00:00,319,http://ecx.images-amazon.com/images/I/41GRA87dNRL._AC_US436_QL65_.jpg,"1,299.00",AMAZON INDIA,Calvin-Klein-Black-Leather-Sneakers,
2017-04-24T15:13:44.651140+00:00,320,http://ecx.images-amazon.com/images/I/41RfmezyKOL._AC_US327_QL65_.jpg,"1,499.00 - <span class=""currencyINR"">",AMAZON INDIA,Calvin-Klein-Casual-Shirt-631925552659-41TW121-WN68-XXX-Large-White,
2017-04-24T15:23:11.671878+00:00,321,http://ecx.images-amazon.com/images/I/51vgI+s-apL._AC_US327_QL65_.jpg,524.00,AMAZON INDIA,Creativity-Inc-Ed-Catmull,
2017-04-24T15:23:11.680580+00:00,322,http://ecx.images-amazon.com/images/I/51vgI+s-apL._AC_US500_QL65_.jpg,449.35,AMAZON INDIA,Creativity-Inc-Overcoming-Unseen-Inspiration-ebook,
2017-04-24T15:23:11.692021+00:00,323,http://ecx.images-amazon.com/images/I/51h08j975hL._AC_US436_QL65_.jpg,"1,210.00",AMAZON INDIA,Pixar-Beyond-Unlikely-Journey-Entertainment,
2017-04-24T15:23:11.703123+00:00,324,http://ecx.images-amazon.com/images/I/51VI29FrW2L._AC_US327_QL65_.jpg,235.60,AMAZON INDIA,Pixar-Beyond-Lawrence-Levy-ebook,
2017-04-24T15:23:11.715141+00:00,325,http://ecx.images-amazon.com/images/I/51VI29FrW2L._AC_US460_QL65_.jpg,"2,985.00",AMAZON INDIA,Cars-Disney-Piston-Racing-Garage,
2017-04-24T15:23:11.725593+00:00,326,http://ecx.images-amazon.com/images/I/510dGZVZ6oL._AC_US436_QL65_.jpg,236.00,AMAZON INDIA,Brave-Book-Film-Disney-Pixar-Brave,
2017-04-24T15:23:11.736268+00:00,327,http://ecx.images-amazon.com/images/I/41KBotoOwML._AC_US327_QL65_.jpg,470.00,AMAZON INDIA,Pixar-Shorts-Films-Collection-Vol,
2017-04-24T15:23:11.747561+00:00,328,http://ecx.images-amazon.com/images/I/41KBotoOwML._AC_US500_QL65_.jpg,0.00,AMAZON INDIA,Pixar-Storytelling-Effective-Pixars-Greatest-ebook,
2017-04-24T15:23:11.758540+00:00,329,http://ecx.images-amazon.com/images/I/51enXUNq5PL._AC_US436_QL65_.jpg,399.00,AMAZON INDIA,Designing-Pixar-Activities-Characters-Colouring,
2017-04-24T15:23:11.770055+00:00,330,http://ecx.images-amazon.com/images/I/51OSGtcJ1XL._AC_US327_QL65_.jpg,900.00,AMAZON INDIA,Disney-Pixar-Cars-Copy-Colour,
2017-04-24T15:29:50.927439+00:00,331,http://ecx.images-amazon.com/images/I/51COhOpaEBL._AC_US327_QL65_.jpg,"354.00 - <span class=""currencyINR"">",AMAZON INDIA,DUPPATTA-PHULKARI-DUPPATTAS-BHAGALPURI-Traditonal,
2017-04-24T15:29:50.944705+00:00,332,http://ecx.images-amazon.com/images/I/51COhOpaEBL._AC_US500_QL65_.jpg,"<span class=""a-size-base a-color-price s-price a-text-bold""><span class=""currencyINR"">",AMAZON INDIA,Banjara-Dupattas-Bharchak-Handicraft-Dupatta-Free,
2017-04-24T15:29:50.955855+00:00,333,http://ecx.images-amazon.com/images/I/51mmLOtZGFL._AC_US436_QL65_.jpg,"<span class=""a-size-base a-color-price s-price a-text-bold""><span class=""currencyINR"">",AMAZON INDIA,RangReza-Pure-Chiffon-Dupatta-Stoles,
2017-04-24T15:29:50.966597+00:00,334,http://ecx.images-amazon.com/images/I/51WxbzZ3q9L._AC_US327_QL65_.jpg,"<span class=""a-size-base a-color-price s-price a-text-bold""><span class=""currencyINR"">",AMAZON INDIA,Attire-Womens-Chiffon-Duppata-CH37-Multi-Free,
2017-04-24T15:29:50.977811+00:00,335,http://ecx.images-amazon.com/images/I/51WxbzZ3q9L._AC_US500_QL65_.jpg,399.00,AMAZON INDIA,Banjara-WomenS-Cotton-Kutchi-Dupatta,
2017-04-24T15:29:50.988919+00:00,336,http://ecx.images-amazon.com/images/I/414PGfhG1CL._AC_US436_QL65_.jpg,479.00,AMAZON INDIA,DUPATTA-DUPPATTA-PHULKARI-DUPPATTAS-BHAGALPURI,
2017-04-24T15:29:51.001062+00:00,337,http://ecx.images-amazon.com/images/I/51smzQNS4uL._AC_US327_QL65_.jpg,419.00,AMAZON INDIA,Rangreza-Solid-Combo-Dupatta-Stoles,
2017-04-24T15:29:51.012154+00:00,338,http://ecx.images-amazon.com/images/I/51smzQNS4uL._AC_US500_QL65_.jpg,349.00,AMAZON INDIA,Off-white-DUPPATTAS-BHAGALPURI-AppleCreation-Traditonal,
2017-04-24T15:29:51.022375+00:00,339,http://ecx.images-amazon.com/images/I/511eE-drdyL._AC_US436_QL65_.jpg,"699.00 - <span class=""currencyINR"">",AMAZON INDIA,dp,
2017-04-24T15:29:51.033327+00:00,340,http://ecx.images-amazon.com/images/I/51kE70sOuoL._AC_US327_QL65_.jpg,"<span class=""a-size-base a-color-price s-price a-text-bold""><span class=""currencyINR"">",AMAZON INDIA,Red-Embroidered-Chiffon-Dupatta-Dulhan,
2017-04-24T15:32:37.221973+00:00,341,"http://ecx.images-amazon.com/images/I/51WAoue6EoL._AC_UL390_SR300,390_QL65_.jpg",199.00,AMAZON INDIA,Shreeya-Enterprise-Designer-Embroidered-Georgette,
2017-04-24T15:32:37.236953+00:00,342,"http://ecx.images-amazon.com/images/I/51HM1OPvs6L._AC_UL390_SR300,390_QL65_.jpg",999.00,AMAZON INDIA,Vatsla-Womens-Cotton-Blouse-VLLDNBTYSAREE-MULTICOLOUR,
2017-04-24T15:32:37.248146+00:00,343,"http://ecx.images-amazon.com/images/I/41jRobbCf8L._AC_UL390_SR300,390_QL65_.jpg",399.00,AMAZON INDIA,Vivera-BHAGALPURI-blouse-Latest-Design,
2017-04-24T15:32:37.258078+00:00,344,"http://ecx.images-amazon.com/images/I/41-xH6RZPiL._AC_UL390_SR300,390_QL65_.jpg",399.00,AMAZON INDIA,Devpriya-Latest-Designer-bhagalpuri-blouse,
2017-04-24T15:32:37.270111+00:00,345,"http://ecx.images-amazon.com/images/I/41f1nQQ8qCL._AC_UL390_SR300,390_QL65_.jpg",275.00,AMAZON INDIA,SRP-Fashion-Selection-Saree-women,
2017-04-24T15:32:37.281208+00:00,346,"http://ecx.images-amazon.com/images/I/415LXwu0VtL._AC_UL390_SR300,390_QL65_.jpg",299.00,AMAZON INDIA,sarees-Bhagalpuri-kanchipuram-cotton-designer,
2017-04-24T15:32:37.291481+00:00,347,"http://ecx.images-amazon.com/images/I/51gLMIKhfOL._AC_UL390_SR300,390_QL65_.jpg",399.00,AMAZON INDIA,Vivera-Bandhani-blouse-Latest-Design,
2017-04-24T15:32:37.303527+00:00,348,"http://ecx.images-amazon.com/images/I/51%2Bm%2BpG9XpL._AC_UL390_SR300,390_QL65_.jpg",299.00,AMAZON INDIA,Shivalika-sarees-collection-latest-design,
2017-04-24T15:32:37.313980+00:00,349,"http://ecx.images-amazon.com/images/I/4114V0wQK8L._AC_UL390_SR300,390_QL65_.jpg",325.00,AMAZON INDIA,Vivera-Georgette-blouse-latest-design,
2017-04-24T15:32:37.324865+00:00,350,"http://ecx.images-amazon.com/images/I/51JgP5F0WIL._AC_UL390_SR300,390_QL65_.jpg",275.00,AMAZON INDIA,Saree-Raa-Retail-women-cotton,
2017-04-24T15:33:28.131443+00:00,351,http://ecx.images-amazon.com/images/I/41nGBdNMMgL._AC_US327_QL65_.jpg,799.00,AMAZON INDIA,Vivera-Womens-Georgette-Blouse-VRSANSKR-RAMA7,
2017-04-24T15:33:28.139781+00:00,352,http://ecx.images-amazon.com/images/I/41nGBdNMMgL._AC_US500_QL65_.jpg,525.00,AMAZON INDIA,Vivera-Womens-Cotton-blouse-VRANGI-GREEN5,
2017-04-24T15:33:28.151000+00:00,353,http://ecx.images-amazon.com/images/I/413VlCXxrbL._AC_US436_QL65_.jpg,470.00,AMAZON INDIA,Vivera-Womens-Cotton-Blouse-VRARYA-BR7,
2017-04-24T15:33:28.161820+00:00,354,http://ecx.images-amazon.com/images/I/41Cho6vcboL._AC_US327_QL65_.jpg,525.00,AMAZON INDIA,Vivera-Womens-Saree-Multi-VRRADHEE-RAMA11x,
2017-04-24T15:33:28.173133+00:00,355,http://ecx.images-amazon.com/images/I/41Cho6vcboL._AC_US500_QL65_.jpg,899.00,AMAZON INDIA,Vivera-Womens-Georgette-Blouse-VRSANSKAR-BROWNx20i,
2017-04-24T15:33:28.184335+00:00,356,http://ecx.images-amazon.com/images/I/41rL3ltPVQL._AC_US436_QL65_.jpg,499.00,AMAZON INDIA,Vivera-Womens-Georgette-Saree-VRSANSKAR-RAMA-RamaFree,
2017-04-24T15:33:28.195446+00:00,357,http://ecx.images-amazon.com/images/I/41nIkPdxAqL._AC_US327_QL65_.jpg,525.00,AMAZON INDIA,Vivera-Georgette-blouse-latest-design,
2017-04-24T15:33:28.206501+00:00,358,http://ecx.images-amazon.com/images/I/41nIkPdxAqL._AC_US500_QL65_.jpg,325.00,AMAZON INDIA,Vivera-Bandhani-blouse-Latest-Design,
2017-04-24T15:33:28.217549+00:00,359,http://ecx.images-amazon.com/images/I/41dNp-GZBjL._AC_US436_QL65_.jpg,399.00,AMAZON INDIA,Vivera-Womens-Georgette-Blouse-VRVARUNI-MAROONx20,
2017-04-24T15:33:28.228747+00:00,360,http://ecx.images-amazon.com/images/I/416LvgglIjL._AC_US327_QL65_.jpg,874.00,AMAZON INDIA,Vivera-Womens-Cotton-Saree-VRANGI-GREEN11x,
2017-04-24T15:46:39.460816+00:00,361,http://ecx.images-amazon.com/images/I/31kBOUZkkEL._AC_US240_QL65_.jpg,"7,029.00",AMAZON INDIA,Lenovo-A7700-5-5-Inch-Smartphone-Black,
2017-04-24T15:46:39.482528+00:00,362,http://ecx.images-amazon.com/images/I/31kBOUZkkEL._AC_US400_QL65_.jpg,"7,740.00",AMAZON INDIA,Lenovo-K6-Note-Gold,
2017-04-24T15:46:39.494332+00:00,363,http://ecx.images-amazon.com/images/I/41TdyhynapL._AC_US240_QL65_.jpg,"14,486.00",AMAZON INDIA,Lenovo-Phab-Plus-Smartphone-earphones,
2017-04-24T15:46:39.504433+00:00,364,http://ecx.images-amazon.com/images/I/41TdyhynapL._AC_US400_QL65_.jpg,"14,999.00",AMAZON INDIA,Lenovo-K3NOTE-K3-Note-Black,
2017-04-24T15:46:39.515659+00:00,365,http://ecx.images-amazon.com/images/I/317gq-PLD9L._AC_US240_QL65_.jpg,"8,949.00",AMAZON INDIA,Lenovo-A1000-Black,
2017-04-24T15:46:39.526635+00:00,366,http://ecx.images-amazon.com/images/I/317gq-PLD9L._AC_US400_QL65_.jpg,"4,744.00",AMAZON INDIA,Lenovo-Vibe-Plus-Gold-16GB,
2017-04-24T15:46:39.537793+00:00,367,http://ecx.images-amazon.com/images/I/41homWWffYL._AC_US240_QL65_.jpg,"6,550.00",AMAZON INDIA,Lenovo-A6600-Black,
2017-04-24T15:46:39.549013+00:00,368,http://ecx.images-amazon.com/images/I/41homWWffYL._AC_US400_QL65_.jpg,"16,691.00",AMAZON INDIA,Lenovo-Z2-Plus-Black-64GB,
2017-04-24T15:46:39.559665+00:00,369,http://ecx.images-amazon.com/images/I/41gFaRA3DQL._AC_US240_QL65_.jpg,"13,499.00",AMAZON INDIA,Lenovo-Zuk-Space-Grey-Cyanogen,
2017-04-24T15:46:39.570948+00:00,370,http://ecx.images-amazon.com/images/I/41gFaRA3DQL._AC_US400_QL65_.jpg,"5,444.00",AMAZON INDIA,Vibe-B-Lenovo,
2017-04-24T15:51:07.007380+00:00,371,http://ecx.images-amazon.com/images/I/51vgI+s-apL._AC_US327_QL65_.jpg,524.00,AMAZON INDIA,Creativity-Inc-Ed-Catmull,
2017-04-24T15:51:07.030426+00:00,372,http://ecx.images-amazon.com/images/I/51vgI+s-apL._AC_US500_QL65_.jpg,449.35,AMAZON INDIA,Creativity-Inc-Overcoming-Unseen-Inspiration-ebook,
2017-04-24T15:51:07.042262+00:00,373,http://ecx.images-amazon.com/images/I/51OZUS8AwGL._AC_US436_QL65_.jpg,"1,210.00",AMAZON INDIA,Pixar-Beyond-Unlikely-Journey-Entertainment,
2017-04-24T15:51:07.052403+00:00,374,http://ecx.images-amazon.com/images/I/51VI29FrW2L._AC_US327_QL65_.jpg,235.60,AMAZON INDIA,Pixar-Beyond-Lawrence-Levy-ebook,
2017-04-24T15:51:07.063639+00:00,375,http://ecx.images-amazon.com/images/I/51VI29FrW2L._AC_US460_QL65_.jpg,225.00,AMAZON INDIA,Disney-Pixar-Cars-First-Board,
2017-04-24T15:51:07.074681+00:00,376,http://ecx.images-amazon.com/images/I/51OSGtcJ1XL._AC_US436_QL65_.jpg,236.00,AMAZON INDIA,Brave-Book-Film-Disney-Pixar-Brave,
2017-04-24T15:51:07.085681+00:00,377,http://ecx.images-amazon.com/images/I/51FR19jYqXL._AC_US327_QL65_.jpg,67.00,AMAZON INDIA,Disney-Pixar-Cars-Copy-Colour,
2017-04-24T15:51:07.097148+00:00,378,http://ecx.images-amazon.com/images/I/51FR19jYqXL._AC_US500_QL65_.jpg,"6,297.00",AMAZON INDIA,Disney-Pixar-Animated-Feature-Collection,
2017-04-24T15:51:07.108008+00:00,379,http://ecx.images-amazon.com/images/I/51GJBJ+srPL._AC_US436_QL65_.jpg,526.00,AMAZON INDIA,Rogue-One-Star-Wars-Story,
2017-04-24T15:51:07.119633+00:00,380,http://ecx.images-amazon.com/images/I/5117JtdCsKL._AC_US327_QL65_.jpg,"1,120.00",AMAZON INDIA,Disney-Digital-Printed-Square-Analog,
2017-04-24T15:53:32.414259+00:00,381,http://ecx.images-amazon.com/images/I/41qcJFbvAJL._AC_US327_QL65_.jpg,"27,949.00",AMAZON INDIA,Apple-MMGF2HN-13-3-inch-Integrated-Graphics,
2017-04-24T15:53:32.433302+00:00,382,http://ecx.images-amazon.com/images/I/41qcJFbvAJL._AC_US500_QL65_.jpg,"56,900.00",AMAZON INDIA,Apple-iPhone-5s-Space-Grey,
2017-04-24T15:53:32.445476+00:00,383,http://ecx.images-amazon.com/images/I/41GPeBcssaL._AC_US436_QL65_.jpg,"17,579.00",AMAZON INDIA,Apple-iPhone-256GB-PRODUCT-RED,
2017-04-24T15:53:32.455615+00:00,384,http://ecx.images-amazon.com/images/I/514CXmH-xDL._AC_US327_QL65_.jpg,"79,999.00",AMAZON INDIA,Apple-iPhone-Plus-128GB-PRODUCT,
2017-04-24T15:53:32.466729+00:00,385,http://ecx.images-amazon.com/images/I/514CXmH-xDL._AC_US500_QL65_.jpg,"79,990.00",AMAZON INDIA,Apple-iPhone-128GB-PRODUCT-RED,
2017-04-24T15:53:32.478069+00:00,386,http://ecx.images-amazon.com/images/I/51BR204yKjL._AC_US436_QL65_.jpg,"65,488.00",AMAZON INDIA,Apple-iPhone-5s-Silver-16GB,
2017-04-24T15:53:32.488760+00:00,387,http://ecx.images-amazon.com/images/I/51i4MZUUwgL._AC_US327_QL65_.jpg,"18,100.00",AMAZON INDIA,Apple-iPhone-Plus-Black-128GB,
2017-04-24T15:53:32.499755+00:00,388,http://ecx.images-amazon.com/images/I/51i4MZUUwgL._AC_US500_QL65_.jpg,"69,890.00",AMAZON INDIA,AmazonBasics-Apple-Certified-Lightning-Cable,
2017-04-24T15:53:32.511100+00:00,389,http://ecx.images-amazon.com/images/I/51BR204yKjL._AC_US436_QL65_.jpg,899.00,AMAZON INDIA,Apple-iPhone-SE-Rose-Gold,
2017-04-24T15:53:32.521836+00:00,390,http://ecx.images-amazon.com/images/I/51+HMTo6nFL._AC_US327_QL65_.jpg,"27,998.00",AMAZON INDIA,Apple-iPhone-SE-Space-Grey,
